customerID,Churn,Value_at_Risk
7590-VHVEG,0,29.85
5575-GNVDE,0,1936.3000000000002
3668-QPYBK,1,107.7
7795-CFOCW,0,1903.4999999999998
9237-HQITU,1,141.4
9305-CDSKC,1,797.2
1452-KIOVK,0,1960.1999999999998
6713-OKOMC,0,297.5
7892-POOKP,1,2934.4
6388-TABGU,0,3481.2999999999997
9763-GRSKD,0,649.35
7469-LKBCI,0,303.2
8091-TTVAX,0,5820.299999999999
0280-XJGEX,1,5081.3
5129-JLPIS,0,2637.5
3655-SNQYZ,0,7814.25
8191-XWSZG,0,1073.8
9959-WOFKT,0,7575.7
4190-MFLUW,1,552.0
4183-MYFRB,0,1891.05
8779-QRDMV,1,39.65
1680-VDCWW,0,237.60000000000002
1066-JKSGK,1,20.15
3638-WEABW,0,3474.2
6322-HRPFA,0,2920.4
6865-JZNKO,0,1659.0
6467-CHFZW,1,4669.45
8665-UTDHZ,1,30.2
5248-YGIJN,0,6498.0
8773-HHUOZ,1,1099.9
3841-NFECX,0,6840.849999999999
4929-XIHVW,0,191.0
6827-IEAUQ,0,1786.0500000000002
7310-EGVHZ,0,20.2
3413-BMNZE,0,45.25
6234-RAAPL,0,7192.8
6047-YHPVI,1,348.5
6572-ADKRS,0,3440.7999999999997
5380-WJKOV,1,3615.8999999999996
8168-UQWWF,1,1076.35
8865-TNMNX,0,495.5
9489-DEDVP,0,4844.0
9867-JCZSP,0,352.75
4671-VJLCL,0,5030.549999999999
4080-IIARD,0,990.6
3714-NTNFO,0,4140.5
5948-UJZLF,0,98.5
7760-OYPDY,1,161.3
7639-LIAYI,0,4147.0
2954-PIBKO,0,4426.35
8012-SOUDQ,0,3880.75
9420-LOJKX,1,1486.5
6575-SUVOI,0,1737.5
7495-OOKFY,1,645.2
4667-QONEA,0,4491.0
1658-BYGOY,1,1718.1000000000001
8769-KKTPH,0,6277.950000000001
5067-XJQFU,0,7157.7
3957-SQXML,0,848.3
5954-BDFSG,0,7740.0
0434-CSFON,0,4723.5
1215-FIGMP,0,5394.0
0526-SXDJP,0,3031.2000000000003
0557-ASKVU,0,979.1999999999999
5698-BQJOH,1,849.6
5122-CYFXA,0,225.89999999999998
8627-ZYGSZ,0,3708.3
3410-YOQBQ,0,2455.2000000000003
3170-NMYVV,0,1007.4999999999999
7410-OIEDU,0,798.5
2273-QCKXA,0,49.05
0731-EBJQB,0,1060.8
1891-QRQSA,0,7142.4
8028-PNXHQ,0,1503.5
5630-AHZIL,0,193.5
2673-CXQEU,0,6188.0
6416-JNVRK,0,2559.9
5590-ZSKRV,0,437.2
0191-ZHSKZ,0,2242.5
3887-PBQAO,0,1165.5
5919-TMRGD,1,79.35
8108-UXRQN,0,556.05
9191-MYQKX,1,526.0500000000001
9919-YLNNG,0,4359.599999999999
0318-ZOPWS,0,987.3499999999999
4445-ZJNMU,0,893.6999999999999
4808-YNLEU,0,2175.25
1862-QRWPE,0,991.1999999999999
2796-NNUFI,0,917.6999999999999
3016-KSVCP,0,978.75
4767-HZZHQ,0,2461.5
2424-WVHPL,0,74.7
7233-PAHHL,0,5544.0
6067-NGCEU,0,7218.25
9848-JQJTX,0,7264.8
8637-XJIVR,1,947.4000000000001
9803-FTJCG,0,4746.349999999999
0278-YXOOG,1,105.25
3212-KXOCR,0,1092.0
4598-XLKNJ,1,2462.5
6380-ARCEH,0,20.2
3679-XASPY,0,19.45
7123-WQUHX,0,3610.0
5386-THSLQ,0,3006.2999999999997
3192-NQECA,1,7480.0
6180-YBIQI,0,121.5
6728-DKUCO,0,7498.8
9750-BOOHV,0,964.8
8597-CWYHH,0,4057.0499999999997
2848-YXSMW,0,1396.8
0486-HECZI,1,5321.25
4549-ZDQYY,0,3013.4
5712-AHQNN,0,3940.9500000000003
4846-WHAFZ,1,2830.5
5256-SKJGO,0,3494.4
3071-VBYPO,0,269.54999999999995
9560-BBZXK,0,1117.8
5299-RULOA,1,1002.5
8402-OOOHJ,0,846.65
9445-ZUEQE,0,2300.4
1091-SOZGA,0,5588.8
2928-HLDBA,0,124.19999999999999
0404-SWRVG,1,223.20000000000002
6497-TILVL,0,354.90000000000003
7219-TLZHO,0,83.4
4622-YNKIJ,0,2935.35
4412-YLTKF,1,2107.35
6734-PSBAW,0,1695.6000000000001
3930-ZGWVE,0,19.75
2639-UGMAZ,0,4007.9500000000003
2876-GZYZC,0,1117.3500000000001
6207-WIOLX,1,1465.0
8587-XYZSF,0,3386.85
3091-FYHKI,1,35.45
2372-HWUHI,1,88.7
7799-LGRDP,0,1105.1
7850-VWJUU,0,1725.0
3774-VBNXY,0,1292.8
6217-KDYWC,0,1117.2
0390-DCFDQ,1,70.45
3146-MSEGF,0,6339.599999999999
4080-OGPJL,1,569.2
1095-WGNGG,0,6164.05
2636-SJDOU,0,5395.2
1131-QQZEB,0,1700.45
5716-EZXZN,0,6438.25
6837-BJYDQ,0,58.800000000000004
2135-RXIHG,1,45.65
6440-DKQGE,0,1935.0
3466-BYAVD,0,1042.5
3780-YVMFA,0,548.4
3874-EQOEP,1,665.0
1679-JRFBR,0,7570.5
9073-ZZIAY,0,5338.2
3077-RSNTJ,0,118.19999999999999
6551-GNYDG,0,1132.6000000000001
9167-APMXZ,0,1851.3000000000002
2749-CTKAJ,0,443.29999999999995
6371-NZYEG,0,1028.0
7554-NEWDD,0,257.0
8992-VONJD,0,728.0
0867-MKZVY,1,1648.0
4482-EWFMI,0,139.4
4648-YPBTM,0,3916.7000000000003
2907-ILJBN,0,226.60000000000002
6345-FZOQH,0,1373.1
3376-BMGFE,1,283.6
5997-OPVFA,0,6411.599999999999
3445-HXXGF,1,2627.3999999999996
1159-WFSGR,0,326.4
7654-YWJUF,0,3622.75
1875-QIVME,1,208.8
6727-IOTLZ,0,1147.3
0691-JVSYA,1,5027.049999999999
5918-VUKWP,0,657.6
1744-JHKYS,0,839.8
2656-FMOKZ,1,1116.75
2070-FNEXE,1,535.15
5947-SGKCL,0,1580.25
3712-PKXZA,0,1253.55
6317-YPKDH,1,29.95
6582-OIVSP,0,45.3
9367-WXLCH,1,676.0
5524-KHNJP,0,2466.75
1918-ZBFQJ,1,1030.25
1024-GUALD,1,24.8
4827-USJHP,0,1036.0
8167-GJLRN,0,91.19999999999999
0956-SYCWG,0,255.45
8017-UVSZU,0,2264.0
7100-FQPRV,0,3091.7000000000003
2472-OVKUP,1,546.0
2984-RGEYA,0,1362.75
9680-NIAUV,0,7898.400000000001
2146-EGVDT,0,1138.7
2604-IJPDU,0,1931.0
9178-JHUVJ,0,578.4000000000001
6168-YBYNP,0,6569.65
7255-SSFBC,0,8082.0
3645-DEYGF,0,20.75
9323-HGFWY,0,2751.3
8544-GOQSH,0,1120.7
3363-DTIVD,0,7494.05
7018-WBJNK,0,1017.9
9142-KZXOP,0,3029.3999999999996
7674-YTAFD,0,2638.35
6348-SNFUS,0,3992.4
1285-OKIPP,1,79.9
7825-ECJRF,1,2025.3999999999999
1347-KTTTA,0,6556.8
7841-TZDMQ,1,92.0
4195-NZGTA,0,25.25
7157-SMCFK,0,1204.75
4709-LKHYG,0,580.0
2504-DSHIH,0,1996.3999999999999
0699-NDKJM,0,3348.75
9286-BHDQG,0,3258.0
0230-WEQUW,0,3735.6
2040-LDIWQ,0,5473.0
6496-JDSSB,0,640.0
9408-SSNVZ,1,280.6
4443-EMBNA,0,1757.25
6469-MRVET,0,20.2
0742-MOABM,1,200.2
5961-VUSRV,0,232.20000000000002
6778-JFCMK,0,1214.4
6341-JVQGF,0,2515.65
2232-DMLXU,1,55.2
4811-JBUVU,0,2697.0
0945-TSONX,0,4009.1
2651-ZCBXV,0,5832.0
3316-UWXUY,0,4675.0
8937-RDTHP,1,84.6
7083-MIOPC,0,1458.0
1984-GPTEH,0,729.3499999999999
1251-KRREG,1,108.8
0621-JFHOL,0,296.0
9903-LYSAB,0,1316.7
0094-OIFMO,1,1045.0
9227-UAQFT,0,316.0
7301-ABVAD,0,6235.2
6614-FHDBO,0,7862.400000000001
7576-ASEJU,0,3062.7000000000003
9058-HRZSV,0,6136.0
4522-AKYLR,0,712.4
0221-WMXNQ,0,301.4
0303-UNCIP,0,2665.0
9947-OTFQU,1,1116.0
0322-YINQP,1,48.55
0959-WHOKV,0,4158.0
4075-JFPGR,0,4768.5
4629-NRXKX,1,140.8
9514-JDSKI,1,40.2
3282-ZISZV,0,2678.4
3675-YDUPJ,0,198.5
4111-BNXIF,0,3989.85
7017-VFHAY,0,7021.099999999999
6655-LHBYW,0,5717.5
4959-JOSRX,1,89.2
5046-NUHWD,0,1305.0
7273-TEFQD,1,123.44999999999999
3606-TWKGI,1,1389.7
7529-ZDFXI,0,5121.45
7605-BDWDC,0,1545.3500000000001
1950-KSVVJ,0,5098.5
0123-CRBRT,0,5374.099999999999
6292-TOSSS,0,1245.0
3197-ARFOY,0,1995.0
6323-AYBRX,1,1141.65
7014-ZZXAW,0,1721.75
4385-GZQXV,1,1511.2
7633-MVPUY,0,3405.75
6366-ZGQGL,1,24.8
4716-HHKQH,0,2141.0
5940-AHUHD,1,70.6
6432-TWQLB,1,427.0
4484-GLZOU,1,5462.599999999999
3179-GBRWV,0,1363.95
8645-KWHJO,0,770.0
4130-MZLCC,0,252.75
0314-TKOSI,0,330.9
8229-MYEJZ,0,512.0
2080-SRCDE,0,25.4
9577-WJVCQ,0,3702.6000000000004
9512-UIBFX,1,1712.7
6202-DYYFX,0,1672.0
3808-HFKDE,0,887.0
5583-SXDAG,1,70.0
3488-PGMQJ,1,596.0
3580-REOAC,1,448.5
7534-BFESC,1,1826.3999999999999
3727-OWVYD,0,2142.0
2294-SALNE,0,1996.3999999999999
4847-TAJYI,0,536.0999999999999
1563-IWQEX,0,236.39999999999998
8203-XJZRC,0,20.25
6556-DBKZF,0,5399.55
6851-WEFYX,0,3528.0
2985-JUUBZ,0,2982.0
6390-DSAZX,1,73.6
0895-LMRSF,0,1492.7
8098-LLAZX,1,381.8
8266-VBFQL,0,361.6
8181-YHCMF,0,4100.4
2240-HSJQD,0,3110.2999999999997
1248-DYXUB,0,1289.6000000000001
0265-EDXBD,1,2396.8
4115-BNPJY,0,2190.95
3167-SNQPL,0,3843.7000000000003
4091-TVOCN,0,3780.0
1098-TDVUQ,0,19.25
7277-OZCGZ,0,1959.1
1557-EMYVT,0,4947.15
2799-ARNLO,0,346.75
7563-BIUPC,1,403.0
5027-YOCXN,0,5612.55
3973-SKMLN,0,1412.8999999999999
2321-OMBXY,1,3051.4
2840-XANRC,1,2235.6000000000004
6745-JEFZB,0,3202.5
5020-ZSTTY,1,4452.3
9880-TDQAC,0,4320.0
8705-WZCYL,0,44.8
7102-JJVTX,0,437.40000000000003
8626-PTQGE,0,4143.45
4983-CLMLV,0,5340.400000000001
5701-YVSVF,0,911.9000000000001
5804-LEPIM,1,140.7
5697-GOMBF,0,1005.1999999999999
2739-CACDQ,0,1405.0500000000002
9385-EHGDO,0,694.75
9498-FIMXL,0,153.6
2379-GYFLQ,0,4365.400000000001
0122-OAHPZ,1,516.9499999999999
2868-SNELZ,1,161.2
4322-RCYMT,1,5154.4
6680-NENYN,1,4497.8
2088-IEBAU,0,5994.200000000001
7982-VCELR,0,3412.7999999999997
1343-EHPYB,1,6514.200000000001
6035-BXTTY,0,1748.8
6885-PKOAM,0,6088.25
7520-HQWJU,0,4451.7
9639-BUJXT,0,1291.5
5924-SNGKP,0,830.25
0021-IKXGC,0,72.1
2034-GDRCN,1,180.8
8966-SNIZF,0,1361.5
6243-OZGFH,0,1033.8500000000001
4654-DLAMQ,0,6208.0
0513-RBGPE,0,2323.6
5160-UXJED,0,758.2
4115-NZRKS,0,624.0500000000001
0219-YTZUE,1,339.2
0623-IIHUG,1,879.9
4572-DVCGN,1,802.5
3351-NGXYI,0,865.6
8984-EYLLL,0,6736.0
9057-MSWCO,1,830.25
9833-TGFHX,0,4078.2
9294-TDIPC,0,101.0
5229-DTFYB,0,4050.7999999999997
0104-PPXDV,0,2917.3999999999996
5176-LMJXE,0,965.85
3583-KRKMD,0,1366.2
1010-DIAUQ,1,482.5
9069-LGEUL,0,1378.8500000000001
7302-ZHMHP,0,19.15
9571-EDEBV,0,7004.150000000001
3520-FJGCV,0,8107.2
6563-VRERX,0,679.8000000000001
0259-GBZSH,1,171.3
6122-EFVKN,0,858.0
2805-EDJPQ,0,5586.0
6862-CQUMB,0,3555.7
7156-MXBJE,0,3659.2999999999997
6158-HDPXZ,0,25.35
9601-BRXPO,1,2623.75
2863-IMQDR,0,5468.650000000001
5686-CMAWK,0,1474.75
5651-CRHKQ,0,3534.2000000000003
6905-NIQIN,1,50.65
8204-YJCLA,0,4665.599999999999
5167-ZFFMM,1,90.85
6583-SZVGP,0,5188.799999999999
4895-TMWIR,1,219.45
0533-BNWKF,1,4699.75
1708-PBBOA,0,2299.5
8782-LKFPK,0,3977.6000000000004
5522-JBWMO,0,44.0
3597-MVHJT,0,2581.2
9774-NRNAU,0,2289.6
0224-RLWWD,0,88.6
9967-ATRFS,0,378.09999999999997
3951-NJCVI,0,3992.1
2977-CEBSX,0,5943.3
0177-PXBAT,0,3626.7000000000003
6599-CEBNN,1,2514.3
2519-ERQOJ,0,1801.8
5876-QMYLD,0,461.15000000000003
2277-AXSDC,0,632.0
9442-JTWDL,0,220.55
0979-PHULV,1,6862.05
3067-SVMTC,0,3801.2
5495-GPSRW,0,394.0
7606-BPHHN,0,1425.6000000000001
4742-DRORA,0,5724.0
0111-KLBQG,0,3006.4
4800-VHZKI,1,19.9
7989-CHGTL,1,19.6
0334-GDDSO,1,244.04999999999998
4163-NCJAK,0,1124.7
5233-AOZUF,0,2173.55
5973-EJGDP,0,4454.849999999999
1996-DBMUS,0,3391.2000000000003
7916-VCCPB,0,1172.0
4686-GEFRM,0,6909.0
5249-QYHEX,0,992.0
0578-SKVMF,1,1832.6
5564-NEMQO,1,75.3
2233-FAGXV,0,121.5
5605-IYGFG,0,488.94999999999993
7663-ZTEGJ,0,2915.95
3935-TBRZZ,0,1130.8
8111-BKVDS,0,407.0
2055-SIFSS,0,2840.75
2806-MLNTI,0,5465.2
8734-DKSTZ,0,859.5
4360-PNRQB,0,1360.8
6152-ONASV,0,3961.0
9063-ZGTUY,1,1183.3999999999999
7781-HVGMK,0,4694.400000000001
2181-UAESM,0,106.9
2957-LOLHO,1,544.8
6048-NJXHX,0,809.75
2320-SLKMB,0,1155.7
4980-URKXC,0,750.6
4376-KFVRS,0,8211.6
5886-VLQVU,0,3144.75
3577-AMVUX,0,55.05
0771-WLCLA,0,1807.2
5628-RKIFK,0,4975.95
0206-TBWLC,0,6191.1
2937-FTHUR,0,1166.3999999999999
1910-FMXJM,0,2894.4
7752-XUSCI,1,6354.0
4110-PFEUZ,1,69.55
0732-OCQOC,0,1302.6000000000001
5168-MSWXT,0,758.0
1090-ESELR,0,7596.0
8592-PLTMQ,0,1580.8
5760-WRAHC,0,1534.5
8847-GEOOQ,0,3612.0
0256-LTHVJ,1,2269.4
4785-FCIFB,0,1488.3999999999999
8313-NDOIA,0,2499.6000000000004
5149-CUZUJ,0,2601.2000000000003
0942-KOWSM,0,2424.0
4237-CLSMM,0,40.0
1452-VOQCH,0,75.1
4719-UMSIY,0,117.89999999999999
6614-VBEGU,0,1666.8000000000002
0880-TKATG,1,404.6
3811-VBYBZ,1,698.6
1480-BKXGA,0,8355.6
2996-XAUVF,0,2803.5
9076-AXYIK,0,6534.4
5968-XQIVE,0,6458.400000000001
8896-RAZCR,0,875.5999999999999
4640-UHDOS,1,727.35
4933-IKULF,0,351.04999999999995
3583-EKAPL,1,55.0
1304-BCCFO,0,630.4499999999999
4104-PVRPS,0,1286.4
9399-APLBT,1,74.7
2359-KMGLI,1,1926.0
3780-DDGSE,0,2661.75
4431-EDMIQ,0,529.9
0306-JAELE,1,480.5
6227-HWPWX,1,1035.0
0486-LGCCH,0,216.14999999999998
0447-BEMNG,1,2174.3999999999996
4612-SSVHJ,0,1629.0
5168-MQQCA,0,7812.0
5949-XIKAE,1,668.4
7971-HLVXI,0,6084.0
9094-AZPHK,0,1502.25
3649-JPUGY,0,6379.2
4472-LVYGI,0,0.0
8372-JUXUI,1,74.35
3552-CTCYF,0,6602.4
6778-YSNIH,0,118.0
0388-EOPEX,1,148.8
5756-OZRIO,0,3907.0499999999997
6579-JPICP,0,20.4
8205-OTCHB,1,962.5
4134-BSXLX,0,1705.2
0505-SPOOW,0,1386.0
6235-VDHOM,1,142.25
7783-YKGDV,1,1196.4
4374-YMUSQ,0,3952.5
4513-CXYIX,0,5729.7
3957-HHLMR,0,4564.0
7803-XOCCZ,0,4370.599999999999
5736-YEJAX,0,5482.05
5609-CEBID,1,1882.0
8981-FJGLA,0,858.0
7218-HKQFK,1,188.4
4636-QRJKY,1,483.0
1135-LMECX,0,19.85
4332-MUOEZ,0,1886.0
8535-SFUTN,0,6493.45
5956-VKDTT,1,371.75
8677-HDZEE,0,5905.2
2475-MROZF,0,2850.0
9412-GHEEC,1,4192.0
3482-ABPKK,0,1520.3999999999999
6705-LXORM,0,350.25
0257-ZESQC,1,2030.4
7531-GQHME,0,240.60000000000002
5174-ITUMV,0,7061.8
4109-CYRBD,0,1496.4
0913-XWSCN,0,4702.5
6825-UYPFK,1,1738.8
8397-MVTAZ,1,3401.7
0750-EBAIU,0,4745.0
8606-CIQUL,0,8334.0
3571-DPYUH,0,5492.6
7601-GNDYK,0,686.0
0356-OBMAC,0,5594.400000000001
8067-NIOYM,0,506.40000000000003
1403-GYAFU,0,1403.5
4234-XTNEA,0,159.9
1297-VQDRP,0,7286.200000000001
9282-IZGQK,1,85.0
5348-CAGXB,0,1074.6
0621-HJWXJ,0,5137.65
5844-QVTAT,0,1928.8500000000001
8905-IAZPF,0,6599.85
5394-MEITZ,0,4836.0
6859-QNXIQ,0,8143.2
2782-LFZVW,0,648.45
2866-IKBTM,0,19.55
1342-JPNKI,1,860.5
2817-NTQDO,1,592.15
7129-AZJDE,0,2684.3
6986-IJDHX,1,3365.7
2560-PPCHE,0,6828.25
4676-MQUEA,0,5095.0
8138-EALND,0,296.25
3580-HYCSP,0,7941.599999999999
1352-HNSAW,0,8323.199999999999
2075-PUEPR,0,1064.25
1982-FEBTD,0,588.8000000000001
5301-GAUUY,1,2571.2
5791-KAJFD,0,3850.0
2654-VBVPB,0,19.9
1154-HYWWO,0,2682.7999999999997
2501-XWWTZ,0,772.2
3716-UVSPD,0,49.3
6815-ABQFQ,0,6006.0
7343-EOBEU,0,70.80000000000001
3701-SFMUH,0,487.90000000000003
6103-LIANB,0,5870.5
7319-VENRZ,0,450.09999999999997
5846-NEQVZ,0,5030.349999999999
6967-QIQRV,0,1528.5
5781-RFZRP,0,5218.5
0939-YAPAF,1,3508.75
0308-IVGOK,0,444.4
7293-LSCDV,0,1155.0
7025-WCBNE,0,2801.2000000000003
5756-JYOJT,0,713.9000000000001
4710-FDUIZ,1,5616.8
6030-REHUX,0,3103.7999999999997
9548-LIGTA,0,4944.05
5150-LJNSR,0,3039.5499999999997
8270-RKSAP,0,634.5
6522-YRBXD,0,3309.25
2640-LYMOV,0,39.3
1218-VKFPE,1,228.0
3627-FHKBK,1,75.3
2865-TCHJW,1,356.8
1423-BMPBQ,0,19.0
2393-DIVAI,0,60.0
5192-EBGOV,1,85.7
4568-KNYWR,0,3289.0
8752-IMQOS,0,100.5
0742-LAFQK,0,7138.8
0795-LAFGP,0,6418.400000000001
0619-OLYUR,0,8056.8
5512-IDZEI,0,1145.3999999999999
0459-SPZHJ,0,5260.5
0215-BQKGS,0,2529.0
9244-ZVAPM,0,45.6
0719-SYFRB,1,739.8
8208-EUMTE,0,877.6
5172-MIGPM,0,262.2
1710-RCXUS,0,4607.849999999999
0374-FIUCA,0,1326.0
5839-SUYVZ,0,1192.8
5173-ZXXXL,0,39.9
1096-ADRUX,0,4900.5
2001-MCUUW,0,4997.900000000001
2731-GJRDG,0,3505.6
4723-BEGSG,0,6238.8
6516-NKQBO,0,3078.0
8672-OAUPW,0,2440.35
8207-DMRVL,0,8247.6
3419-SNJJD,1,6841.25
6543-CPZMK,1,269.55
4765-OXPPD,1,585.0
2804-ETQDK,0,1356.3
6689-VRRTK,0,4831.2
7138-GIRSH,0,3475.0
9396-ZSFLL,0,732.75
6464-KEXXH,0,202.0
7134-MJPDY,0,6788.099999999999
5240-CAOYT,0,4990.349999999999
4059-IIEBK,0,549.85
4881-JVQOD,0,345.5
0516-UXRMT,0,5707.099999999999
4851-BQDNX,0,3402.0
5148-HKFIR,0,394.0
1009-IRMNA,1,140.0
3003-CMDUU,0,2378.75
5016-IBERQ,0,1937.75
6797-UCJHZ,0,6903.599999999999
2469-DTSGX,0,8038.8
4554-YGZIH,1,4412.45
5099-BAILX,1,4762.25
9931-KGHOA,0,2530.0
1775-KWJKQ,0,6469.2
7665-VIGUD,0,203.5
9411-TPQQV,0,2182.0
7207-RMRDB,1,6857.5
7954-MLBUN,0,3082.9500000000003
2077-DDHJK,0,4821.200000000001
4913-EHYUI,1,5854.8
0195-IESCP,1,852.5
9574-BOSMD,0,1727.1999999999998
4580-TMHJU,1,2414.45
0970-ETWGE,1,89.55
4908-XAXAY,0,4402.65
8404-VLQFB,0,378.75
1626-ERCMM,1,1891.0
0887-HJGAR,1,45.7
2391-IPLOP,0,3482.5000000000005
5644-PDMZC,1,179.0
3509-GWQGF,0,1680.0
9576-ANLXO,1,208.64999999999998
2024-BASKD,1,74.6
5845-BZZIB,0,703.5
1140-UKVZG,0,421.6
4160-AMJTL,1,157.2
5183-SNMJQ,0,951.0
8100-PNJMH,0,6041.799999999999
7838-LAZFO,0,3546.0
4464-JCOLN,1,39.7
2085-JVGAD,0,752.95
5650-VDUDS,1,97.0
8095-WANWK,0,452.5
3030-ZKIWL,0,20.05
9565-FLVCG,0,4520.75
8755-OGKNA,0,1111.5
2800-VEQXM,0,224.25
7538-GWHML,1,139.3
5533-RJFTJ,0,1479.8
3859-CVCET,1,182.6
0214-JHPFW,0,4046.0
5642-MHDQT,0,1052.0500000000002
3088-FVYWK,0,1354.15
3276-HDUEG,1,75.05
9092-GDZKO,0,546.7
0823-HSCDJ,1,2555.7999999999997
3729-OWRVL,0,7172.75
2324-AALNO,0,1178.4
0822-GAVAP,1,69.4
5760-IFJOZ,0,323.85
2826-UWHIS,0,3663.0000000000005
1448-PWKYE,1,80.0
7501-IWUNG,0,4501.8
4957-TREIR,0,193.20000000000002
7251-LJBQN,0,4150.0
8040-MNRTF,0,71.1
1536-HBSWP,0,49.9
5313-FPXWG,0,1254.6000000000001
0067-DKWBL,1,98.5
0946-FKYTX,0,1565.2
5076-YVXCM,0,4253.400000000001
8262-COGGB,0,20.45
6663-JOCQO,0,2332.75
9620-QJREV,0,965.85
2276-YDAVZ,1,225.29999999999998
2682-KEVRP,0,441.1
2480-JZOSN,0,20.65
0078-XZMHT,0,6130.8
5896-NPFWW,1,150.45
9978-HYCIN,0,3992.65
8338-QIUNR,0,4788.0
1525-LNLOJ,0,4177.8
9450-TRJUU,0,2910.25
1766-GKNMI,0,2462.1000000000004
6942-LBFDP,0,41.1
1456-TWCGB,0,197.0
7133-VBDCG,1,1996.2499999999998
7596-ZYWBB,0,3874.0
8329-UTMVM,0,2825.55
3014-WJKSM,0,2183.7
3347-YJZZE,0,2322.8999999999996
1029-QFBEN,1,19.55
7929-DMBCV,0,1620.0
9661-JALZV,0,1432.6
5433-KYGHE,0,1204.0
4312-KFRXN,0,1828.8
5575-TPIZQ,0,4100.900000000001
0114-IGABW,0,4135.75
9944-AEXBM,0,2740.8
1853-ARAAQ,0,1309.1000000000001
6952-OMNWB,0,5463.799999999999
4697-LUPSU,0,40.4
8434-VGEQQ,0,1253.55
4952-YSOGZ,1,343.8
1589-AGTLK,1,136.05
5244-IRFIH,1,3118.5
6549-YMFAW,0,191.25
4950-HKQTE,0,577.5
6786-OBWQR,0,404.25
2684-EIWEO,1,2751.0
2753-JMMCV,0,4823.0
6439-GTPCA,1,3926.25
6621-YOBKI,0,101.75
1216-JWVUX,0,1887.5
7564-GHCVB,0,5691.599999999999
1173-NOEYG,0,2434.05
7595-EHCDL,0,1619.2
6647-ZEDXT,0,3313.5
2521-NPUZR,0,7070.0
1307-TVUFB,0,3332.7
7503-MIOGA,0,6469.2
4381-MHQDC,0,3055.0
6923-JHPMP,0,160.9
5138-WVKYJ,1,985.5
4018-PPNDW,0,1470.1000000000001
1635-FJFCC,0,220.25
2499-AJYUA,0,7977.599999999999
6919-ELBGL,0,8276.4
3966-HRMZA,0,225.14999999999998
6425-JWTDV,0,924.0
8405-IGQFX,0,5673.15
8224-IVVPA,0,1530.9
9477-LGWQI,0,5610.5
1410-RSCMR,0,499.44999999999993
3115-CZMZD,0,0.0
0139-IVFJG,0,180.7
6683-VLCTZ,1,1971.0
5730-DBDSI,0,1300.2
0030-FNXPP,0,59.550000000000004
2189-WWOEW,1,1288.5
5684-FJVYR,0,6505.2
4013-GUXND,0,20.8
1894-IGFSG,1,1963.5
7379-POKDZ,1,210.89999999999998
1266-NZYUI,0,4813.2
7969-FFOWG,0,1293.5
4718-DHSMV,0,393.79999999999995
5175-WLYXL,0,1734.6999999999998
7817-OMJNA,0,285.59999999999997
8728-SKJLR,0,3044.25
3137-NYQQI,0,1101.6
7706-DZNKK,0,224.95
0236-HFWSV,1,1400.25
3900-AQPHZ,1,19.9
5842-POCOP,1,444.5
2037-XJFUP,1,3161.4
8823-RLPWL,0,7966.8
9505-SQFSW,0,120.89999999999999
7314-OXENN,1,164.0
3758-CKOQL,0,6313.0
0322-CHQRU,1,90.7
5676-CFLYY,0,5207.849999999999
7521-AFHAB,0,224.0
0285-INHLN,0,1478.25
4678-DVQEO,1,52.2
5125-CNDSP,0,2557.8
0691-IFBQW,1,5060.0
4992-LTJNE,0,3981.6
2202-OUTMO,0,2068.9
0810-BDHAW,0,1881.6000000000001
0229-LFJAF,0,5014.8
7131-ZQZNK,0,3591.0
3442-ZHHCC,0,5229.200000000001
5726-CVNYA,0,158.8
9871-ELEYA,0,2300.1000000000004
4257-GAESD,0,270.0
5173-WXOQV,0,128.4
2040-OBMLJ,0,2532.7000000000003
6286-ZHAOK,0,511.0
3807-XHCJH,0,20.0
3009-JWMPU,1,5998.5
5671-RQRLP,0,5295.5
1450-GALXR,1,985.0
8859-AXJZP,0,928.2
3174-AKMAS,0,2953.2000000000003
3138-BKYAV,1,512.0999999999999
9926-PJHDQ,0,5529.599999999999
7382-DFJTU,0,993.6
2798-NYLMZ,0,7707.05
4289-DTDKW,1,4052.0
1820-TQVEV,1,69.55
2239-JALAW,1,5988.5
4853-RULSV,1,7280.0
8098-TDCBU,0,1060.5
3551-GAEGL,0,1033.6
4785-NKHCX,0,100.25
3196-NVXLZ,0,2115.0
6275-YDUVO,1,172.4
0036-IHMOT,0,5703.5
0115-TFERT,1,2335.2000000000003
4178-EGMON,0,6160.0
4220-TINQT,0,6487.349999999999
5318-YKDPV,0,3403.4500000000003
7975-TZMLR,0,4845.7
0295-QVKPB,0,319.75
4335-BSMJS,0,1599.6000000000001
2311-QYMUQ,1,1431.2
3643-AHCFP,1,669.1999999999999
9146-JRIOX,0,357.7
3104-OWCGK,1,5457.0
5337-IIWKZ,0,1524.9
9101-BWFSS,1,5427.5
9650-VBUOG,0,951.9
3487-EARAT,0,5187.0
2672-TGEFF,0,3285.6
9231-ZJYAM,1,315.4
4250-WAROZ,0,5595.0
8184-WMOFI,0,4426.8
6982-SSHFK,1,44.4
6092-QZVPP,0,2851.2000000000003
4625-LAMOB,0,897.5999999999999
0727-BMPLR,1,5500.0
0392-BZIUW,0,7560.0
1038-ZAGBI,1,237.60000000000002
6549-NNDYT,0,401.05
3027-ZTDHO,1,89.9
0422-OHQHQ,0,308.25
6916-HIJSE,0,5515.25
2316-ESMLS,0,397.79999999999995
9778-OGKQZ,0,6624.0
7408-OFWXJ,0,6465.599999999999
6007-TCTST,0,8337.6
2252-NKNSI,0,4427.8
8713-IGZSO,0,49.7
7905-TVXTA,0,321.75
7695-PKLCZ,0,1394.0
2382-BCKQJ,1,6209.3
8374-UULRV,0,6195.599999999999
2207-NHRJK,1,50.8
3224-DFQNQ,0,5874.0
5275-PMFUT,0,4665.599999999999
4795-UXVCJ,0,514.8000000000001
9777-IQHWP,0,5977.6
0947-MUGVO,1,1473.0
9944-HKVVB,1,285.29999999999995
4124-MMETB,1,2082.3
3671-SHRSP,1,322.4
0979-MOZQI,0,2418.0
2732-ISEZX,0,102.5
3313-QKNKB,1,5047.45
0323-XWWTN,0,79.19999999999999
1937-OTUKY,0,7070.400000000001
1573-LGXBA,0,5560.349999999999
1764-VUUMT,0,1316.7
5073-WXOYN,1,3048.0
4713-ZBURT,0,4486.5
3050-GBUSH,0,104.39999999999999
0207-MDKNV,1,1576.5
7876-AEHIG,0,3067.65
7945-HLKEA,0,3885.0
9342-VNIMQ,0,1803.45
9851-KIELU,1,1101.0
3523-BRGUW,0,501.8
3908-BLSYF,1,503.40000000000003
3199-NPKCN,0,7453.75
5170-PTRKA,0,1754.1999999999998
4661-NJEUX,0,20.05
2123-AGEEN,0,590.4499999999999
1258-YMZNM,0,2983.5
0048-LUMLS,0,3374.4
7549-MYGPK,1,6334.65
5898-IGSLP,0,2768.2999999999997
3804-RVTGV,1,5192.5
6259-WJQLC,0,2595.2
9227-LUNBG,1,24.6
7997-EASSD,0,5115.6
0730-KOAVE,0,2829.0
8975-SKGRX,0,8243.1
0678-RLHVP,0,5594.15
4315-MURBD,1,1186.8000000000002
2267-FPIMA,0,4720.0
1051-GEJLJ,0,39.0
9734-YWGEX,1,884.6999999999999
2719-BDAQO,1,1595.4499999999998
5285-MVEHD,0,5913.599999999999
0379-DJQHR,0,5450.45
0781-LKXBR,1,904.5
5543-QDCRY,0,225.6
0297-RBCSG,0,1241.6499999999999
4694-PHWFW,0,159.6
0835-JKADZ,0,7898.75
1907-UBQFC,1,728.5
7508-SMHXL,0,1335.0
3865-YIOTT,0,7639.2
5993-BQHEA,0,240.60000000000002
6024-RUGGH,0,1814.3999999999999
6513-EECDB,1,73.55
3956-CJUST,0,1734.2
4079-WWQQQ,0,4719.599999999999
6103-BOCOU,0,2098.2000000000003
5149-TGWDZ,0,2195.5499999999997
7471-WNSUF,0,1449.0
8942-DBMHZ,0,245.39999999999998
4301-VVZKA,0,1206.4
9199-PWQVC,0,5021.1
4824-GUCBY,0,1797.4
5393-HJZSM,0,2441.6
7074-IEVOJ,1,238.20000000000002
9625-QSTYE,1,1054.95
0862-PRCBS,0,7055.0
8812-ZRHFP,0,2593.5
5146-CBVOE,0,1201.6
0454-OKRCT,0,2659.7999999999997
5787-KXGIY,0,1389.6000000000001
4750-ZRXIU,1,338.4
4198-VFOEA,0,403.20000000000005
6630-UJZMY,0,333.0
5709-LVOEQ,0,0.0
6400-BWQKW,1,474.29999999999995
2692-AQCPF,0,7023.25
0347-UBKUZ,0,298.5
0835-DUUIQ,0,505.20000000000005
0811-GSDTP,0,391.95
7567-ECMCM,0,1916.3999999999999
6115-ZTBFQ,0,4716.0
6353-BRMMA,0,5621.4
6680-WKXRZ,1,223.20000000000002
6231-WFGFH,0,82.0
9904-EHEVJ,0,2923.2
7028-DVOIQ,1,3466.75
6169-PPETC,0,717.5
4208-UFFGW,1,89.9
8584-KMVXD,0,604.8
8467-WYNSR,0,1212.2
0851-DFJKB,0,884.25
5382-SOYZL,0,2092.2
9448-REEVD,1,44.7
3261-CQXOL,0,1806.95
8388-FYNPZ,0,227.0
4002-BQWPQ,0,2043.75
5651-YLPRD,0,2755.2
2826-DXLQO,0,208.6
4378-BZYFP,0,348.5
9489-UTFKA,0,487.2
4849-PYRLQ,0,4102.0
9117-SHLZX,1,45.7
9889-TMAHG,1,802.4
4541-RMRLG,1,134.75
7764-BDPEE,0,62.550000000000004
3429-IFLEM,0,5491.849999999999
3158-MOERK,1,192.0
7294-TMAOP,1,90.55
5002-GCQFH,0,4598.65
0556-FJEGU,0,4065.7999999999997
8919-FYFQZ,1,1335.4
0604-THJFP,0,4481.05
2834-JRTUA,1,7671.55
5875-YPQFJ,1,69.9
5879-SESNB,0,827.75
6646-QVXLR,1,6432.5
6461-PPAXN,0,1923.25
3318-ISQFQ,0,390.0
1106-HRLKZ,0,784.0
2483-XSSMZ,0,1866.15
8603-IJWDN,1,86.6
8165-ZJRNM,0,1710.0
9369-XFEHK,1,2659.7999999999997
2604-XVDAM,0,525.5999999999999
3717-OFRTN,0,19.75
9046-JBFWA,0,517.05
3280-NMUVX,0,666.4000000000001
1206-EHBDD,0,4496.8
8361-LBRDI,0,1412.3000000000002
4883-KCPZJ,0,555.5
9108-EQPNQ,0,261.0
7277-KAMWT,0,260.0
3842-IYKUE,1,2985.5
6641-XRPSU,1,2380.0
1374-DMZUI,1,377.2
2545-LXYVJ,0,1490.3999999999999
3234-VKACU,0,140.6
8357-EQXFO,1,667.4499999999999
1989-PRJHP,1,2038.5
8120-JDCAM,0,278.2
8917-FAEMR,0,734.45
7047-YXDMZ,0,420.0
2858-EIMXH,0,5080.049999999999
9524-EGPJC,1,1621.8
6993-OHLXR,1,137.9
8818-XYFCQ,1,3185.6
6419-ZTTLE,0,477.25
0929-HYQEW,0,150.45
6614-YOLAC,0,4164.15
7426-RHZGU,0,863.1
4065-JJAVA,0,49.5
4695-VADHF,1,1034.1000000000001
3863-IUBJR,1,643.8
7649-SIJJF,0,5687.099999999999
9361-YNQWJ,0,1561.6
3748-FVMZZ,0,160.2
9391-TTOYH,0,448.5
1452-XRSJV,0,1990.9499999999998
3422-WJOYD,0,1521.8
8242-SOQUO,0,423.5
7460-ITWWP,0,3874.4999999999995
7147-AYBAA,0,2602.95
7868-TMWMZ,0,6600.0
4822-RVYBB,1,804.8
6732-FZUGP,0,4460.3
8436-BJUMM,1,2177.5
4184-TJFAN,1,264.9
8329-GWVPJ,0,3487.5
1352-VHKAJ,0,1933.1999999999998
4145-UQXUQ,1,736.8
2632-TACXW,0,1466.3
8146-QQKZH,0,5811.349999999999
1767-CJKBA,0,1656.6000000000001
6445-TNRXS,0,7799.6
4581-LNWUM,0,638.9499999999999
4869-EPIUS,0,4530.400000000001
9948-YPTDG,1,3019.1
1236-WFCDV,1,1266.3
1915-OAKWD,0,308.8
7296-PIXQY,0,982.8000000000001
4883-QICIH,1,2232.0
3354-OADJP,0,434.0
3524-WQDSG,0,4269.9
0810-DHDBD,0,3848.0
4026-SKKHW,0,150.75
2829-HYVZP,0,574.2
8329-IBCTI,1,19.65
1271-SJBGZ,1,523.8
3845-JHAMY,0,568.0
7013-PSXHK,0,3230.0
5669-SRAIP,1,197.5
5981-ITEMU,1,3884.0
3486-NPGST,0,703.8000000000001
6941-PMGEP,1,400.0
1624-WOIWJ,1,847.0
2074-GKOWZ,1,179.1
0376-YMCJC,1,2083.7999999999997
6100-FJZDG,0,521.3000000000001
4829-ZLJTK,0,8092.8
1730-VFMWO,0,1706.8000000000002
7143-BQIBA,0,622.5
3800-LYTRK,0,779.8000000000001
0634-SZPQA,1,2071.15
9646-NMHXE,0,923.55
7030-NJVDP,0,2142.0
5536-RTPWK,1,4853.45
8883-GRDWQ,0,1080.0
6166-ILMNY,1,139.5
3097-NNSPB,1,98.1
7771-ZONAT,0,1248.5
0655-RBDUG,1,686.35
2111-DWYHN,0,21.1
4194-WHFCB,0,5702.35
4121-AGSIN,0,1421.0
4361-BKAXE,1,4694.5
9845-PEEKO,0,4672.8
0455-XFASS,0,208.64999999999998
0301-KOBTQ,0,641.6
1751-NCDLI,0,4547.099999999999
4367-NUYAO,0,0.0
9878-TNQGW,1,161.9
9170-ARBTB,0,1019.2
4441-NIHPT,1,965.9
8999-BOHSE,1,986.7
7241-AJHFS,0,2804.8
7029-RPUAV,1,1707.65
4546-FOKWR,0,1196.0
9036-CSKBW,0,5479.95
5832-TRLPB,0,2185.1499999999996
8590-YFFQO,0,4546.5
8659-IOOPU,0,7131.95
1338-CECEE,0,2808.5
7439-DKZTW,0,80.55
4646-QZXTF,0,568.75
4607-CHPCA,1,2260.0
9742-XOKTS,0,5999.849999999999
6921-OZMFH,0,278.5
9578-FOMUK,0,372.0
4712-UYOOI,0,400.0
8824-RWFXJ,1,168.45
7722-CVFXN,0,5680.8
8717-VCTXJ,0,821.1
7363-QTBIW,0,717.75
4159-NAAIX,0,6139.35
0971-QIFJK,0,1673.25
9397-TZSHA,0,1697.4
3391-JSQEW,0,2006.0
0343-QLUZP,0,2376.0
9763-PDTKK,1,377.6
2176-LVPNX,0,6379.349999999999
7627-JKIAZ,1,2921.15
3312-UUMZW,0,3163.2
1271-UODNO,0,2100.15
8461-EFQYM,0,921.5
6900-RBKER,0,4651.400000000001
6891-JPYFF,0,5052.0
1459-QNFQT,0,4165.0
1047-NNCBF,0,1411.0
3696-XRIEN,0,4125.0
4081-DYXAV,1,852.15
0074-HDKDG,0,1540.0
8791-GFXLZ,0,588.5999999999999
8111-SLLHI,1,4120.35
0927-LCSMG,1,522.5500000000001
9330-DHBFL,0,1523.75
0098-BOWSO,0,523.8
3452-ABWRL,0,4044.35
5859-HZYLF,0,497.9
8257-RZAHR,1,905.8000000000001
5293-WXJAK,1,1144.55
3156-QLHBO,0,38.5
2208-NQBCT,0,2130.7000000000003
1779-PWPMG,0,8254.800000000001
6621-NRZAK,0,1260.0
0831-JNISG,0,1405.8
0774-IFUVM,0,716.6500000000001
3082-WQRVY,0,275.09999999999997
9553-DLCLU,0,1156.3500000000001
1641-BYBTK,0,121.19999999999999
2460-NGXBJ,0,827.2
2446-ZKVAF,0,1022.4
0841-NULXI,1,35.55
3522-CDKHF,0,2416.0
1430-SFQSA,0,1032.4
0411-EZJZE,0,180.75
7851-WZEKY,1,190.3
8844-TONUD,1,1256.45
8807-ARQET,0,1654.3500000000001
8992-CEUEN,0,18.85
4320-QMLLA,0,383.95
8777-PVYGU,0,3343.6
8292-ITGYJ,0,1109.25
6870-ZWMNX,0,5327.0
0621-CXBKL,0,991.0999999999999
5268-DSMNQ,0,6072.900000000001
5334-JLAXU,0,5646.0
4086-YQSNZ,1,241.20000000000002
6242-MBHPK,0,2187.2999999999997
5868-CZJDR,1,31.35
9359-UGBTK,0,4847.45
0135-NMXAP,1,1077.0
4782-OSFXZ,0,5871.7
6479-OAUSD,0,497.49999999999994
7129-ACFOG,0,269.0
4189-NAKJS,0,1340.3
5562-BETPV,0,19.65
1282-IHQAC,0,3083.5
9127-FHJBZ,0,8208.0
6270-OMFIW,1,5664.0
1641-RQDAY,0,3212.8
0107-WESLM,1,19.85
6994-ORCWG,0,759.5
1346-UFHAX,0,1040.0
3992-YWPKO,1,659.4000000000001
2933-XEUJM,0,3643.2000000000003
0125-LZQXK,1,1520.25
5461-QKNTN,0,4054.9
4835-YSJMR,0,1942.1999999999998
8399-YNDCH,1,1261.05
3164-YAXFY,0,3063.75
0887-WBJVH,0,4952.85
4660-IRIBM,0,1582.2
5673-FSSMF,1,60.15
7670-ZBPOQ,0,3540.8999999999996
8089-UZWLX,0,7387.55
0080-OROZO,0,3473.75
3916-NRPAP,0,257.1
6807-SIWJI,0,3984.2999999999997
8221-HVAYI,0,2420.25
1579-KLYDT,1,633.15
5232-NXPAY,0,3499.15
8967-SZQAS,0,706.3000000000001
4468-KAZHE,0,1200.0
0455-ENTCR,0,5626.5
8944-AILEF,0,291.75
5542-NKVRU,0,871.5
7126-RBHSD,0,1341.3000000000002
5370-IIVVL,0,3866.5
6789-HJBWG,0,592.8
3927-NLNRY,1,4995.25
9087-EYCPR,0,1500.0
6791-YBNAK,0,459.90000000000003
6358-LYNGM,1,74.9
6077-BDPXA,0,210.45000000000002
0013-MHZWF,0,624.6
5494-HECPR,1,80.25
8268-YDIXR,0,5216.400000000001
9824-BEMCV,1,1173.0
1373-ORVIZ,1,729.8499999999999
4291-SHSBH,0,486.84999999999997
6980-IMXXE,0,1393.8
9866-QEVEE,1,1634.0
9897-KXHCM,1,240.89999999999998
0040-HALCW,0,1101.6
0784-GTUUK,0,1472.5
7979-CORPM,1,2173.2
2294-DMMUS,0,4367.900000000001
0872-JCPIB,0,1117.75
3055-MJDSB,0,221.4
9091-WTUUY,0,4432.0
1618-CFHME,1,151.8
3165-HDOEW,1,45.85
6581-NQCBA,1,799.2
7115-IRDHS,0,1774.8
8496-DMZUK,0,2712.0
2040-VZIKE,0,4941.65
9068-VPWQQ,0,4596.349999999999
0178-SZBHO,0,4098.400000000001
0384-RVBPI,0,1288.0
1689-MRZQR,1,2662.2
1299-AURJA,0,1729.0
4525-VZCZG,0,5715.9
1543-LLLFT,0,5996.3
5835-BEQEU,1,230.85000000000002
2788-CJQAQ,0,252.85
5565-FILXA,1,1538.4
0319-QZTCO,0,176.10000000000002
2120-SMPEX,0,503.74999999999994
0096-FCPUF,0,1935.0
0668-OGMHD,0,598.5
5552-ZNFSJ,1,45.3
2223-KAGMX,1,291.0
6507-ZJSUR,0,2080.35
9408-HRXRK,0,4731.75
5593-SUAOO,0,1995.6000000000001
7321-PKUYW,1,991.6500000000001
2833-SLKDQ,1,45.05
6766-HFKLA,0,5779.2
7595-EUIVN,1,75.8
7617-EYGLW,0,19.45
2026-TGDHM,1,555.1
9220-ZNKJI,0,4884.0
4030-VPZBD,1,61.8
2226-ICFDO,0,6184.8
0723-VSOBE,0,1539.0000000000002
5529-GIBVH,0,947.05
4187-CINZD,1,4381.5
9992-UJOEL,0,100.6
4741-WWJQZ,0,160.3
6625-UTXEW,0,615.0
6818-WOBHJ,1,6092.799999999999
6244-BESBM,0,6568.8
1004-NOZNR,0,5308.8
1251-STYSZ,0,321.0
2612-PHGOX,0,4870.4
2408-TZMJL,1,6498.85
8480-PPONV,0,7164.099999999999
8780-IHCRN,0,1552.9499999999998
4598-ZADCK,0,2840.8
1257-SXUXQ,0,97.25
9681-KYGYB,0,4321.8
7182-OVLBJ,0,6271.3
5095-ETBRJ,0,3124.0
7005-CYUIL,0,7057.400000000001
4821-WQOYN,0,1447.2
4730-AWNAU,0,2185.2000000000003
3452-FLHYD,0,523.75
2388-LAESQ,0,8269.199999999999
9531-NSBMR,0,693.0
6260-ONULR,0,62.8
4389-UEFCZ,0,7596.0
8711-LOBKY,0,1171.15
9134-CEQMF,1,626.5
8985-OOPOS,0,74.1
8800-ZKRFW,0,3225.0
2616-FLVQC,0,1251.2
9968-FFVVH,0,4334.4
3108-PCCGG,0,6080.400000000001
7993-PYKOF,1,600.0
8390-FESFV,0,5239.0
3022-BEXHZ,0,7450.400000000001
5027-XWQHA,1,268.5
6248-TKCQV,0,5642.0
6729-GDNGC,0,1614.0
6198-ZFIOJ,0,378.0
5989-OMNJE,0,1382.4
4566-QVRRW,1,484.54999999999995
1291-CUOCY,0,7963.2
9795-SHUHB,0,3841.2000000000003
3230-IUALN,0,3645.0
0042-RLHYP,0,1359.3
8519-IMDHU,1,1284.0
4945-RVMTE,0,1667.3999999999999
0201-OAMXR,1,8088.5
1866-NXPSP,0,2719.7999999999997
3372-KWFBM,1,1385.6
7831-QGOXH,1,1533.6000000000001
6393-WRYZE,1,3320.1000000000004
3941-XTSKM,0,1894.2
1661-CZBAU,0,3405.6000000000004
6599-RCLCJ,1,5148.849999999999
9831-BPFRI,1,3492.45
5158-RIVOP,0,229.89999999999998
9788-YTFGE,0,139.65
9277-JOOMO,0,73.80000000000001
1907-YLNYW,0,533.6
1725-MIMXW,1,19.45
8947-YRTDV,0,3033.6
3161-ONRWK,0,3950.9999999999995
0114-RSRRW,0,199.5
4565-NLZBV,0,1750.1499999999999
0031-PVLZI,1,81.4
7206-GZCDC,1,69.25
6682-VCIXC,0,2203.75
4791-QRGMF,1,5870.5
6475-VHUIZ,0,1247.75
3910-MRQOY,0,1396.8
0661-WCQNQ,0,1237.5
7537-RBWEA,0,25.15
4656-CAURT,0,1652.55
0121-SNYRK,0,1770.0
1768-ZAIFU,1,25.2
4671-LXRDQ,1,90.0
3733-LSYCE,0,1130.25
6265-FRMTQ,0,632.4
1934-SJVJK,1,20.15
3838-OZURD,1,6930.0
1371-DWPAZ,0,0.0
9269-CQOOL,1,164.10000000000002
2017-CCBLH,0,160.0
7690-KPNCU,0,4675.2
0536-BGFMZ,0,574.0
2293-IJWPS,0,5742.75
2845-HSJCY,1,1221.5
5469-NUJUR,0,379.05
1184-PJVDB,1,799.5
2625-TRCZQ,0,2532.15
4102-HLENU,0,4398.55
7266-GSSJX,0,224.95
7722-VJRQD,0,4388.400000000001
7073-QETQY,0,1343.1000000000001
9415-DPEWS,1,1590.3
5624-RYAMH,0,175.5
0196-JTUQI,0,676.8000000000001
7130-YXBRO,0,5349.6
9272-LSVYH,0,701.5
7943-RQCHR,1,852.75
3793-MMFUH,1,1235.6499999999999
3249-ZPQRG,1,313.8
2568-BRGYX,1,280.8
3084-DOWLE,0,6624.0
1084-MNSMJ,0,4360.5
7721-JXEAW,1,2421.95
7249-WBIYX,1,856.0
4238-HFHSN,0,5011.150000000001
6250-CGGUN,0,4557.6
5478-JJVZK,0,2009.7
7596-IIWYC,0,546.75
6567-HOOPW,1,79.2
9793-WECQC,0,2191.9
4291-HPAXL,0,19.85
8999-YPYBV,0,3795.7499999999995
1839-FBNFR,0,774.1500000000001
3164-AALRN,1,350.0
3071-MVJCD,0,5925.599999999999
1697-BCSHV,0,3874.3999999999996
0562-KBDVM,0,3122.0
1131-SUEKT,0,6005.45
3717-OEAUQ,0,141.4
4538-WNTMJ,0,1147.7
3334-CTHOL,1,49.95
4704-ERYFC,1,1523.5
9432-RUVSL,0,4920.0
8060-HIWJJ,0,5539.2
7684-XSZIY,0,1749.6000000000001
9089-UOWJG,0,700.2
8621-MNIHH,1,3204.5
8039-ACLPL,0,4950.0
9885-AIBVB,0,2488.2
1934-MKPXS,0,663.3000000000001
2592-YKDIF,0,20.35
2272-JKMSI,0,6869.599999999999
0471-LVHGK,1,2993.0
9518-RWHZL,1,6403.2
8714-CTZJW,0,331.4
3569-EDBPQ,0,2024.3999999999999
3131-NWVFJ,0,273.7
7521-YXVZY,0,59.849999999999994
5419-CONWX,1,399.2
6240-EURKS,1,630.0
2373-NTKOD,0,530.0
1970-KKFWL,0,815.5
6960-HVYXR,1,76.0
9337-SRRNI,0,1669.8
0895-UADGO,0,356.4
5678-VFNEQ,0,7391.099999999999
5977-CKHON,0,3979.65
7024-OHCCK,1,187.7
2692-BUCFV,0,2942.05
7861-UVUFT,1,1264.5
1830-GGFNM,0,6145.75
5302-BDJNT,0,3342.5
5223-UZAVK,0,6419.2
4859-ZSRDZ,0,3219.0
5651-WYIPH,0,897.3000000000001
9350-VLHMB,0,5999.849999999999
3498-LZGQZ,0,1206.4499999999998
8785-CJSHH,0,5988.0
5357-TZHPP,1,759.6
3870-SPZSI,0,7913.5
0680-DFNNY,1,1516.5
7560-QRBXH,0,957.5999999999999
7077-XJMET,0,889.8000000000001
8752-GHJFU,0,6532.0
6896-SRVYQ,0,3249.3999999999996
7767-UXAGJ,1,50.45
4652-ODEVH,0,1100.25
6510-UPNKS,0,570.4
6718-BDGHG,0,2788.5499999999997
9046-DQMTP,0,726.25
6439-LAJXL,0,620.5500000000001
1571-SAVHK,1,1199.4
9052-VKDUW,0,7111.0
9546-CQJSU,1,182.8
1666-JZPZT,0,1323.0
5777-KJIRB,0,2010.0
0506-LVNGN,1,377.75
7677-SJJJK,0,159.2
2480-EJWYP,0,5672.4
3253-HKOKL,0,5215.599999999999
7055-HNEOJ,0,167.39999999999998
5514-YQENT,0,4557.150000000001
3211-AAPKX,0,1971.0
8445-DNBAE,0,50.05
2951-QOQTK,1,323.2
2958-NHPPS,0,479.55
6806-YDEUL,0,117.0
1735-XMJVH,0,154.8
6890-PFRQX,0,1251.0
0222-CNVPT,0,2537.6
5899-OUVKV,0,2929.5
8681-ICONS,0,598.8499999999999
1621-YNCJH,0,3817.7999999999997
3473-XIIIT,1,1600.0
6362-QHAFM,0,4548.599999999999
7893-IXHRQ,1,20.55
3070-BDOQC,0,5979.0
2952-QAYZF,1,426.5
6234-PFPXL,0,2109.8
9824-QCJPK,0,720.0
4763-PGDPO,1,281.6
4283-IVYCI,0,584.5500000000001
1866-OBPNR,0,74.6
8205-MQUGY,0,590.4000000000001
8970-ANWXO,0,1696.25
9480-BQJEI,0,5722.599999999999
5394-SVGJV,1,3655.6
6979-TNDEU,0,153.6
9777-WJJPR,0,2748.15
9283-LZQOH,1,967.2
7079-QRCBC,1,2370.0
9495-SKLKD,0,4317.75
6048-UWKAL,0,7272.6
5067-DGXLL,0,40.5
5469-CTCWN,1,6466.0
9851-QXEEQ,1,4292.7
6281-FKEWS,0,2158.2
8898-KASCD,0,1386.4499999999998
9242-TKFSV,0,4687.2
9290-SHCMB,0,1259.05
0743-HNPFG,0,3557.25
2277-BKJKN,0,7043.2
9809-IMGCQ,1,2127.4
5208-HFSBT,1,110.1
5035-PGZXH,0,5980.8
8695-WDYEA,0,51.25
6543-JXSOO,0,1328.25
8016-ZMGMO,0,4676.099999999999
8605-ITULD,0,19.55
3254-YRILK,1,1675.8
6416-YJTTB,0,874.5
2667-WYLWJ,1,158.0
4472-VESGY,0,5103.8
3195-TQDZX,0,60.75
3128-YOVTD,0,4036.65
0529-ONKER,1,1134.75
1728-CXQBE,0,6032.0
7041-TXQJH,0,1487.4
5014-GSOUQ,0,259.34999999999997
5724-BIDBU,0,2712.15
0481-SUMCB,0,4596.75
1769-GRUIK,0,1279.8
5240-IJOQT,1,74.7
8819-WFGGJ,0,3678.8
7427-AUFPY,0,1061.1
2811-POVEX,0,2034.3500000000001
1092-GANHU,1,1303.0500000000002
7898-PDWQE,0,5708.400000000001
9972-EWRJS,0,1289.75
9314-IJWSQ,0,1187.2
0661-XEYAN,1,25.8
5799-JRCZO,0,1228.5
1921-KYSAY,0,2812.6
6198-RTPMF,0,1574.1999999999998
2924-KHUVI,0,5630.8
1925-GMVBW,0,102.75
7881-EVUAD,1,85.2
6184-DYUOB,0,58.800000000000004
9207-ZPANB,0,2495.65
5766-XQXMQ,1,1996.6499999999999
9327-QSDED,0,348.4
1656-DRSMG,0,6920.549999999999
3012-VFFMN,0,144.54999999999998
2984-AFWNC,0,286.20000000000005
0640-YJTPY,0,1512.0
8096-LOIST,0,1067.8
9764-REAFF,0,1085.6
3703-VAVCL,1,180.0
7107-UBYKY,0,901.25
4881-GQJTW,0,274.40000000000003
8519-QJGJD,1,1054.8999999999999
7876-DNYAP,0,1366.2
7905-NJMXS,0,449.40000000000003
2882-WDTBA,0,5226.75
2091-GPPIQ,0,5684.400000000001
6326-MTTXK,1,806.8
5071-FBJFS,0,201.2
2796-UUZZO,0,5058.9
2429-AYKKO,0,1429.2
9798-OPFEM,0,970.6
0330-IVZHA,1,349.75
3794-NFNCH,0,1500.0
5193-QLVZB,0,6599.25
7114-AEOZE,0,1191.0
2886-KEFUM,1,6772.5
5522-NYKPB,0,2147.5
4237-RLAQD,1,45.85
9957-YODKZ,0,484.79999999999995
6518-KZXCB,0,555.5
2245-ADZFJ,0,2497.0499999999997
7776-QGYJC,0,3178.5
9313-QOLTZ,0,543.4
9651-GTSAQ,1,5623.299999999999
3186-BAXNB,1,91.7
4672-FOTSD,0,807.0
0637-YLETY,1,1529.6
9818-XQCUV,0,40.7
7338-ERIVA,0,1756.9499999999998
1157-BQCUW,1,74.95
8259-NFJTV,0,242.54999999999998
3223-DWFIO,0,277.4
2660-EMUBI,1,953.5
6968-GMKPR,0,4485.25
4751-ERMAN,0,5428.8
1436-ZMJAN,0,678.0
3292-PBZEJ,0,1225.4
0799-DDIHE,0,694.5
3070-FNFZQ,0,469.2
2812-SFXMJ,0,20.05
7675-OZCZG,1,135.0
5014-WUQMG,0,4516.7
5312-TSZVC,0,294.75
2003-CKLOR,1,6567.0
0993-OSGPT,0,4124.2
9254-RBFON,1,1676.1999999999998
1205-WNWPJ,1,416.5
9391-EOYLI,1,965.4000000000001
7108-DGVUU,0,1505.7
2782-JEEBU,0,756.0
5127-BZENZ,0,3651.2000000000003
2720-FVBQP,0,293.70000000000005
9906-NHHVC,0,3477.5
4522-XRWWI,0,3378.9
3766-EJLFL,0,7415.4
5939-SXWHM,0,1262.4
8152-UOBNY,0,5340.0
7351-KYHQH,0,454.65000000000003
7643-RCHXS,0,1219.0500000000002
8246-SHFGA,0,358.70000000000005
8387-MOJJT,1,3273.9
0620-XEFWH,0,75.4
6485-QXWWE,0,1612.0
2761-OCIAX,1,149.4
7321-VGNKU,0,140.7
5327-CNLUQ,0,4651.200000000001
7552-KEYGT,0,527.85
5816-JMLGY,0,5628.0
3068-OMWZA,1,88.8
2927-QRRQV,0,4353.900000000001
6032-KRXXO,1,2707.5
7459-RRWQZ,1,969.7500000000001
6265-SXWBU,0,6606.75
7941-RCJOW,0,1270.75
6374-NTQLP,0,7495.2
4154-AQUGT,1,1157.6499999999999
2387-KDZQY,0,341.70000000000005
3584-WKTTW,0,5689.05
3399-BMLVW,0,3085.5
1971-DTCZB,0,6548.400000000001
3092-IGHWF,1,5855.8
3374-PZLXD,0,669.8
3813-DHBBB,0,3413.65
2812-REYAT,0,982.45
6518-PPLMZ,0,1028.1999999999998
4939-KYYPY,0,1605.15
8017-LXHFA,1,2179.25
5930-GBIWP,0,5623.5
6022-KOUQO,0,58.1
6352-TWCAU,1,3025.75
2361-UPSND,0,3247.6
6035-RIIOM,0,5248.8
2929-QNSRW,1,5502.0
1262-OPMFY,1,681.75
9504-DSHWM,0,1184.0
5035-BVCXS,0,834.9000000000001
6267-DCFFZ,0,2701.5
3533-UVMOM,0,4824.6
2439-LYPMQ,0,3898.7999999999997
4248-QPAVC,1,1450.9499999999998
1899-VXWXM,1,5092.799999999999
1478-VPOAD,0,43.8
9995-HOTOH,0,3717.0
2988-PLAHS,0,209.85000000000002
1371-OJCEK,0,1168.8000000000002
4999-IEZLT,0,1943.7
8883-ANODQ,0,5739.200000000001
4690-LLKUA,1,765.8499999999999
2351-RRBUE,0,144.54999999999998
5980-BDHPY,0,6271.2
1498-DQNRX,0,575.6500000000001
9469-WEJBT,0,3342.95
3331-HQDTW,1,3733.2
9490-DFPMD,1,3555.3
2581-VKIRT,0,3864.5
5442-XSDCW,1,874.5
7426-WEIJX,0,4857.0
2851-MMUTZ,0,1516.05
3049-NDXFL,1,85.8
8580-AECUZ,1,79.1
3307-TLCUD,0,584.8
6625-FLENO,0,1203.5
2967-MXRAV,0,18.8
7963-GQRMY,1,132.89999999999998
8189-HBVRW,0,4812.4
4163-KIUHY,0,896.0
1228-FZFRV,1,5297.5
3500-NSDOA,0,4814.4
1171-TYKUR,0,1193.8
3761-FLYZI,0,7072.0
2058-DCJBE,1,348.75
5364-XYIRR,1,4827.150000000001
4829-AUOAX,1,4418.3
1219-NNDDO,0,691.65
8388-DMKAE,0,162.0
4403-BWPAY,0,347.2
9659-QEQSY,0,5204.25
5405-ZMYXQ,0,596.8
5047-LHVLY,1,50.15
1442-OKRJE,0,6807.900000000001
4737-AQCPU,0,5191.2
9158-VCTQB,1,4657.599999999999
2808-CHTDM,0,577.3000000000001
6311-UEUME,1,2288.1000000000004
0793-TWELN,0,320.6
3283-WCWXT,0,152.39999999999998
1060-ENTOF,0,7061.8
0999-QXNSA,0,320.25
5451-MHQOF,0,1369.2
4836-WNFNO,0,1800.0
9225-BZLNZ,0,6138.0
0354-VXMJC,0,450.8
4422-QVIJA,0,1755.25
9365-SRSZE,0,1904.85
6839-ITVZJ,1,1561.3
8332-OSJDW,0,316.79999999999995
4735-BJKOU,0,806.0
0274-JKUJR,0,411.95
5740-YHGTW,0,6828.5
8917-SZTTJ,0,1179.0
1696-MZVAU,0,984.75
7359-WWYJV,0,8240.4
0375-HVGXO,1,34.7
4906-ZHGPK,0,3817.8
8593-WHYHV,1,255.89999999999998
3795-GWTRD,0,4759.65
1298-PHBTI,0,6020.8
6223-DHJGV,0,867.3
6961-MJKBO,0,961.15
6097-EQISJ,1,6761.7
4423-YLHDV,1,2192.4
8158-WPEZG,0,392.15
0107-YHINA,1,99.75
4918-FYJNT,0,4974.75
0727-BNRLG,0,6737.85
4854-CIDCF,0,221.54999999999998
8640-SDGKB,1,297.6
3280-MRDOF,0,2073.0
6435-SRWBJ,0,413.75
9964-WBQDJ,0,1732.3999999999999
6303-KFWSL,0,1602.25
1702-CCFNJ,0,3190.2000000000003
8932-CZHRQ,0,5219.0
0386-CWRGM,0,892.4
5515-RUGKN,0,438.0
0404-AHASP,0,1418.3999999999999
7279-NMVJC,0,338.29999999999995
2081-VEYEH,0,323.85
6407-UTSLV,0,167.6
4116-TZAQJ,1,668.25
9060-HJJRW,0,2876.4
2587-YNLES,0,120.60000000000001
7398-SKNQZ,0,284.70000000000005
5935-FCCNB,0,1601.4
1958-RNRKS,0,1497.0
5136-RGMZO,0,2202.5499999999997
8345-MVDYC,0,3674.2500000000005
8226-BXGES,0,5724.8
3877-JRJIP,1,59.85
8375-DKEBR,1,69.6
9705-IOVQQ,0,6039.0
1015-OWJKI,0,19.05
7511-YMXVQ,1,408.59999999999997
2040-XBAVJ,0,8240.4
7551-JOHTI,1,19.5
8887-IPQNC,0,309.75
8646-JCOMS,0,5976.3
9804-ICWBG,1,69.9
1222-KJNZD,0,816.0
0106-GHRQR,0,1142.4
5318-IXUZF,1,174.3
3768-VHXQO,0,1664.95
8952-WCVCD,0,4282.45
2418-TPEUN,0,1108.8
3963-RYFNS,0,8384.4
3198-VELRD,1,254.25
8540-ZQGEA,0,1082.7
1320-REHCS,0,5759.0
4137-JOPHL,0,4485.0
9436-ZBZCT,1,1259.3
7801-CEDNV,0,1314.9
2057-BOYKM,0,6955.2
3658-QQJYD,0,4606.599999999999
1803-BGNBD,0,651.5999999999999
0134-XWXCE,0,3293.3999999999996
6950-TWMYB,0,4317.3
5848-FHRFC,0,1363.4
2243-FNMMI,0,388.0
2511-MORQY,0,2745.0
5356-KZCKT,0,1418.1
9470-XCCEM,0,3137.75
6519-CFDBX,0,90.8
3902-MIVLE,0,4769.1
0409-WTMPL,0,6417.700000000001
8763-KIAFH,0,554.85
3669-WHAFY,0,8175.650000000001
3055-VTCGS,0,3688.6499999999996
3144-KMTWZ,0,6620.75
7279-BUYWN,1,4641.2
7156-MHUGY,1,1176.5
7198-GLXTC,1,158.0
2007-QVGAW,0,1315.8000000000002
5207-PLSTK,0,48.75
2307-FYNNL,0,7088.25
5605-XNWEN,0,1800.0
2155-AMQRX,0,1537.2
6181-AXXYF,0,1782.0
5091-HFAZW,0,182.3
0516-VRYBW,1,362.7
2519-LBNQL,0,6261.0
8623-ULFNQ,0,1717.3
8380-PEFPE,1,71.65
5687-DKDTV,1,81.4
1568-LJSZU,0,6269.6
7530-HDYDS,1,3201.5
7789-HKSBS,0,4418.400000000001
7416-CKTEP,0,1117.2
2586-CWXVV,0,1641.6
3096-IZETN,1,937.1999999999999
2348-KCJLT,0,2706.0
8401-EMUWF,0,2914.8
4193-IBKSW,0,1782.0
5377-NDTOU,0,6464.55
5922-ABDVO,1,1703.3500000000001
2474-LCNUE,0,1693.95
0839-QNXME,0,582.0
3506-OVLKD,0,917.0
9172-ANCRX,1,987.0
6650-VJONK,0,43.85
2178-PMGCJ,0,1533.4
7492-TAFJD,0,269.84999999999997
2773-MADBQ,0,1911.6000000000001
6016-LVTJQ,0,702.0999999999999
7860-KSUGX,0,4640.400000000001
8966-KZXXA,0,903.6
6910-HADCM,1,76.35
4816-LXZYW,1,1820.45
9606-PBKBQ,1,2720.0
5149-QYTTU,0,6755.650000000001
2070-XYMFH,0,1825.05
2085-BOJKI,0,1643.0500000000002
0817-HSUSE,0,75.5
5442-PPTJY,0,236.39999999999998
1927-QEWMY,0,1476.0
1663-MHLHE,0,19.2
5663-QBGIS,0,7081.2
4450-MDZFX,0,4461.0
6701-DHKWQ,0,3132.35
7554-AKDQF,0,273.9
3536-IQCTX,1,2729.6
4911-BANWH,1,2683.0499999999997
8496-EJAUI,1,1403.1499999999999
0794-YVSGE,0,1461.6000000000001
5423-BHIXO,0,1734.4
6908-VVYHM,0,5892.25
2959-EEXWB,0,2290.5
1839-UMACK,0,1052.1000000000001
3030-YDNRM,0,598.8
7321-KKSDU,0,656.0
3402-XRIUO,0,1398.1
3132-TVFDZ,1,2556.4500000000003
8286-AFUYI,0,47.95
8080-DDEMJ,1,45.1
8356-WUAOJ,0,45.0
6365-MTGZX,1,2304.0
1349-WXNGG,1,20.05
8058-DMYRU,0,4862.7
9350-ZXYJC,0,101.2
6990-YNRIO,1,7062.25
8958-JPTRR,0,1360.8
6959-GQEGV,0,3417.75
3173-WSSUE,0,1398.7
1265-HVPZB,0,3917.6000000000004
4115-UMJFQ,0,2466.75
7369-TRPFD,0,357.2
1098-KFQEC,0,1067.0
7190-XHTWJ,0,733.4
0621-TWIEM,1,455.5
3537-RYBHH,0,3170.15
2485-ITVKB,1,70.2
3669-OYSJI,1,46.2
1612-EOHDH,1,45.15
6702-OHFWR,1,43.3
5296-BFCYD,0,924.6
4510-PYUSH,1,2171.7
9359-JANWS,0,3828.5
7517-SAWMO,1,1390.8
4143-HHPMK,1,4438.2
3279-DYZQM,0,1380.95
7054-LGEQW,1,45.95
0523-VNGTF,0,2626.0
9575-IWCAZ,0,150.60000000000002
7105-MXJLL,0,1578.2
7064-FRRSW,0,4752.0
7940-UQQUG,0,6681.6
0923-PNFUB,1,251.25
3961-SXAXY,0,44.05
7010-BRBUU,0,1735.2
3566-HJGPK,0,45.55
3062-ICYZQ,0,4783.8
9938-PRCVK,0,807.6999999999999
0973-KYVNF,0,5086.8
5129-HHMZC,0,3717.35
9637-CDTKZ,0,8215.199999999999
3946-JEWRQ,0,4474.400000000001
7873-CVMAW,0,6375.599999999999
0463-WZZKO,0,62.25
3494-JCHRQ,1,70.05
6474-FVJLC,1,172.0
4524-QCSSM,0,1160.8999999999999
5832-EXGTT,0,1745.8000000000002
8840-DQLGN,1,3517.5
2039-JONDJ,0,1497.15
7217-JYHOQ,0,1687.1999999999998
6695-FRVEC,0,4046.7999999999997
4547-LYTDD,1,1162.4
9894-QMIMJ,0,1283.3999999999999
8069-YQQAJ,0,435.40000000000003
6770-XUAGN,1,21.0
4193-ORFCL,1,45.1
1636-NTNCO,0,203.8
3466-WAESX,0,1105.6
9281-PKKZE,0,2021.7
3638-VBZTA,0,5882.0
7459-IMVYU,0,2658.1
7776-QWNFX,1,1512.0
6689-TCZHQ,1,394.75
8563-OYMQY,0,1546.15
0754-EEBDC,0,79.6
5777-ZPQNC,0,241.79999999999998
1951-IEYXM,0,6523.2
3318-NMQXL,0,276.0
3143-ILDAL,1,5289.2
1022-RKXDR,0,1018.85
2361-FJWNO,0,1440.0
2272-UOINI,0,549.5
8232-UTFOZ,0,1376.55
3750-YHRYO,0,144.54999999999998
6637-KYRCV,0,152.5
5668-MEISB,0,7639.2
0129-QMPDR,0,902.0
7188-CBBBA,0,6207.5
5356-CSVSQ,0,193.79999999999998
3221-CJMSG,0,1226.4
4720-VSTSI,1,3731.2
3219-JQRSL,0,6415.2
2801-NISEI,0,1318.8000000000002
3946-MHCZW,1,50.9
4623-ZKHLY,0,449.9
6732-VAILE,0,6016.5
8201-AAXCB,0,1508.75
7696-CFTAT,0,732.6
1845-CSBRZ,0,1877.6999999999998
2123-VSCOT,0,4253.9
6651-AZVTJ,1,4890.2
4566-GOLUK,1,5045.45
2484-DGXPZ,1,606.0500000000001
2018-QKYGT,0,81.05
2792-VPPET,0,61.5
7409-JURKQ,0,5925.4
3247-MHJKM,0,20.2
1964-SVLEA,0,394.0
4587-NUKOX,1,237.29999999999998
7297-DVYGA,0,1012.35
2239-CGBUZ,0,3085.5
0854-UYHZD,0,254.15
7243-LCGGZ,0,20.9
8267-KFGYD,0,21.05
4890-VMUAV,0,4504.5
9261-WDCAF,0,163.95
3764-MNMOI,0,883.1999999999999
7442-YGZFK,0,49.8
0420-BWTPW,1,204.0
8229-BUJHX,0,1455.5
7449-HVPIV,0,4972.0
5504-WSIUR,0,6317.5
8183-ONMXC,1,161.5
8466-PZBLH,0,7008.2
9614-RMGHA,1,5970.25
8735-IJJEG,0,702.8000000000001
0564-MUUQK,0,1910.0
5054-IEXZT,1,75.35
5834-ASPWA,1,75.45
0701-RFGFI,0,4674.6
0019-EFAEP,0,7293.599999999999
5619-PTMIK,0,2442.6
3737-XBQDD,0,2036.3999999999999
5882-CMAZQ,0,171.25
5846-QFDFI,0,2923.7999999999997
4445-KWOKW,0,2526.2999999999997
3511-APPBJ,0,2298.85
7967-HYCDE,0,565.6
2430-RRYUW,0,3616.7999999999997
3948-XHGNA,1,1189.1999999999998
3723-BFBGR,0,1315.1999999999998
0565-IYCGT,1,5423.4
5447-WZAFP,0,5315.9
5110-CHOPY,0,3216.0
5445-UTODQ,1,567.6999999999999
4425-OWHWB,0,387.0
7892-QVYKW,0,1968.8
9675-ICXCT,0,5817.599999999999
1024-VRZHF,1,824.45
4703-MQYKT,0,411.6
9497-QCMMS,1,93.55
5692-ICXLW,0,2811.7000000000003
0602-DDUML,0,3975.75
2208-MPXIO,0,900.0
1960-UYCNN,0,952.5
0348-SDKOL,1,5921.799999999999
3190-FZATL,0,279.3
7336-RLLRH,0,2182.95
4373-MAVJG,1,1272.6000000000001
8901-HJXTF,1,350.4
7710-JSYOA,0,6437.7
5419-KLXBN,1,2228.75
3424-NMNBO,1,6313.299999999999
9885-MFVSU,0,1622.25
4514-GFCFI,1,1356.0
0607-MVMGC,0,3543.75
3365-SAIGS,0,1420.35
9828-AOQLM,1,45.7
8022-BECSI,0,431.20000000000005
8000-REIQB,1,69.95
9993-LHIEB,0,4545.95
0266-CLZKZ,0,7078.55
7615-ESMYF,1,89.2
3858-VOBET,1,1723.8500000000001
7020-OZKXZ,0,679.5
3977-QCRSL,0,100.75
0017-DINOC,0,2440.8
1447-PJGGA,1,5429.25
8565-CLBZW,1,2156.3999999999996
9139-WQQDY,1,4922.05
0224-HJAPT,1,235.75
8086-OVPWV,1,160.4
9430-FRQOC,1,348.4
7639-OPLNG,0,5547.5
3074-GQWYX,1,379.5
1492-QGCLU,0,4542.1
6845-RGTYS,1,4641.25
7328-OWMOM,0,623.1
4418-LZMSV,0,803.4
5155-AZQPB,0,1397.2
8861-HGGKB,1,864.5
1087-GRUYI,0,775.1999999999999
7065-YUNRY,1,45.3
7694-VLBWQ,1,6974.7
2546-KZAAT,0,3920.8
0181-RITDD,0,6705.3
5989-PGKJB,0,1380.0
4795-KTRTH,1,405.0
8272-ONJLV,0,1148.4
1488-PBLJN,0,8413.199999999999
0308-GIQJT,0,7508.25
3778-FOAQW,0,483.59999999999997
4452-ROHMO,0,294.0
6481-OGDOO,1,6070.2
3090-LETTY,0,121.9
5349-AZPEW,0,125.25
3753-TSEMP,1,1322.25
8305-VHZBZ,1,20.2
9720-JJJOR,0,2472.2999999999997
8100-HZZLJ,0,2749.85
8775-ERLNB,0,74.3
8309-IEYJD,0,70.6
9172-JITSM,1,2360.7999999999997
6298-QDFNH,1,1745.6999999999998
7398-HPYZQ,0,6429.05
3546-GHEAE,0,136.15
7361-YPXFS,0,1804.6000000000001
6557-BZXLQ,0,1114.4
2550-QHZGP,0,136.5
7519-JTWQH,0,7624.5
2538-OIMXF,0,24.7
8543-MSDMF,0,232.20000000000002
9961-JBNMK,1,2032.8
1170-SASML,0,5892.6
4872-JCVCA,0,3379.6
5346-BZCHP,0,1338.6
2038-LLMLM,0,4984.799999999999
6173-ITPWD,1,3917.45
9734-UYXQI,1,98.8
1216-BGTSP,0,4880.25
4138-NAXED,0,4131.0
2189-UXTKY,1,1742.4
0744-BIKKF,0,6238.8
7483-IQWIB,0,3439.15
5248-KWLAR,0,6414.849999999999
4958-GZWIY,1,340.90000000000003
7996-MHXLW,0,1659.8999999999999
7833-PKIHD,0,3896.4
7061-OVMIM,0,586.5
5153-RTHKF,0,2901.8999999999996
1852-QSWCD,0,1587.2
4832-VRBMR,0,6704.75
9079-LWTFD,0,4735.25
6356-ELRKD,1,95.6
8624-GIOUT,1,2927.75
3392-EHMNK,0,6304.7
5986-WWXDV,0,754.6500000000001
3061-BCKYI,0,278.59999999999997
6179-GJPSO,1,4650.45
7901-TBKJX,0,5658.8
7228-PAQPD,0,827.4
3177-LASXD,1,71.35
7746-QYVCO,0,893.6
5804-HYIEZ,0,7423.5
9919-FZDED,0,6055.2
5934-TSSAU,0,1731.8999999999999
3486-KHMLI,0,518.6999999999999
4897-QSUYC,1,20.15
1084-UQCHV,1,69.75
8290-YWKHZ,1,2982.4
2955-BJZHG,1,1374.4499999999998
3806-DXQOM,1,134.6
6784-XYJAE,0,2008.8
3933-DQPWX,0,1985.0000000000002
6661-EIPZC,0,1416.0
8957-THMOA,0,1007.4999999999999
2251-PYLPB,0,5727.599999999999
5555-RNPGT,0,248.0
1057-FOGLZ,0,353.7
9300-RENDD,1,79.95
0761-AETCS,1,19.3
8087-LGYHQ,0,846.4499999999999
4137-BTIKL,0,181.5
2190-BCXEC,0,3154.0
6227-FBDXH,0,6865.5
2153-MREFK,1,3670.4
2911-WDXMV,0,1449.8999999999999
7206-PQBBZ,0,772.2
3106-ULWFW,1,681.6
0925-VYDLG,1,225.75
4547-FZJWE,0,3269.75
7422-WNBTY,0,3080.5499999999997
0842-IWYCP,0,2067.7000000000003
3521-HTQTV,0,887.4000000000001
3744-ZBHON,0,60.599999999999994
3373-DIUUN,0,637.5
8383-SGHJU,0,1960.2
7607-QKKTJ,0,4275.0
7707-PYBBH,0,2476.0
8984-HPEMB,0,8424.15
4349-GFQHK,1,54.35
4139-DETXS,0,4640.400000000001
9779-DPNEJ,0,1763.3000000000002
9805-FILKB,0,929.1999999999999
5793-YOLJN,0,1155.0
0673-IGUQO,0,20.45
4123-FCVCB,0,910.1999999999999
8819-IMISP,0,2493.9500000000003
7802-EFKNY,1,124.75
8311-UEUAB,0,5058.5
5858-EAFCZ,0,44.45
8035-BUYVG,1,1694.0
1163-ONYEY,0,3056.5499999999997
9787-XVQIU,1,75.3
8945-MUQUF,1,4834.8
5656-MJEFC,0,2022.3
6082-OQFBA,0,451.95
8051-HJRLT,1,70.55
8974-OVACP,0,20.15
4010-YLMVT,0,5969.599999999999
1379-FRVEB,0,1365.0
8612-GXIDD,0,304.79999999999995
6288-CHQJB,0,3777.3
8160-HOWOX,0,467.94999999999993
3023-GFLBR,1,2842.9500000000003
6648-INWPS,0,322.4
4223-BKEOR,0,1361.85
4079-VTGLK,0,2245.5
1763-WQFUK,0,151.5
1391-UBDAR,0,801.9000000000001
8894-JVDCV,0,7133.099999999999
2023-VQFDL,0,342.0
1345-GKDZZ,0,117.30000000000001
2014-MKGMH,0,4650.599999999999
5628-FCGYG,0,1766.1
2560-WBWXF,0,1642.1999999999998
0248-IPDFW,0,50.1
7978-DKUQH,0,1864.9999999999998
4335-UPJSI,0,474.0
0524-IAVZO,1,2550.0
2737-YNGYW,1,161.1
1784-EZDKJ,0,5446.8
9297-FVVDH,0,4816.5
8007-YYPWD,0,375.75
7101-HRBLJ,0,6026.400000000001
5159-YFPKQ,1,151.6
6635-CPNUN,0,2704.7999999999997
4021-RQSNY,1,2856.5
5453-YBTWV,0,7077.0
5039-LZRQT,0,262.59999999999997
2931-VUVJN,0,5548.95
9061-TIHDA,1,1238.25
8699-ASUFO,1,520.8000000000001
6418-PIQSP,0,5022.0
8220-OCUFY,0,1265.25
3995-WFCSM,0,121.7
1895-QTKDO,0,43.95
2038-OEQZH,0,344.2
1178-PZGAB,0,384.75
7927-AUXBZ,1,2554.5
2626-VEEWG,0,1299.8
2878-RMWXY,0,7390.8
1657-DYMBM,0,1054.6999999999998
7311-MQJCH,0,97.75
7375-WMVMT,0,6780.5
1136-XGEQU,0,4207.5
2530-FMFXO,0,5779.2
6844-DZKRF,0,100.4
4695-WJZUE,1,177.1
7619-ODSGN,1,1314.0
5970-GHJAW,0,917.6999999999999
8879-XUAHX,0,8253.75
3689-MOZGR,0,904.8
4195-PNGZS,0,1687.05
5003-XZWWO,0,5978.2
3988-RQIXO,1,91.3
7622-FWGEW,0,4796.400000000001
6922-NCEDI,0,1187.2
2514-GINMM,1,79.5
9891-NQDBD,0,715.4
6131-IUNXN,0,383.8
8548-AWOFC,0,4214.1
9798-DRYDS,0,1053.15
8532-UEFWH,0,1339.0
6296-DDOOR,0,1105.8
7951-VRDVK,0,3090.6
5931-FLJJF,1,490.69999999999993
4815-YOSUK,0,7552.8
2659-VXMWZ,1,7457.099999999999
0380-NEAVX,0,3394.8999999999996
3207-OYBWH,1,5429.25
4285-GYRQC,1,603.75
7216-EWTRS,1,100.8
4365-MSDYN,0,156.4
7036-TYDEC,0,7176.0
5802-ADBRC,0,5220.0
8076-FEZKJ,0,195.0
5197-YPYBZ,0,303.0
8337-MSSXB,1,1208.2
4312-GVYNH,0,3489.5
8495-LJDFO,0,6972.8
0839-JTCUD,0,5933.400000000001
5494-WOZRZ,0,5822.0
1302-UHBDD,0,1799.0
2234-EOFPT,0,5713.2
8619-IJNDK,0,4547.55
8378-LKJAF,0,3843.7000000000003
8182-BJDSI,1,2518.6
2528-HFYZX,1,1299.65
1153-GNOLC,0,1290.3
3298-QEICA,0,795.8000000000001
0788-DXBFY,0,1133.9
3597-YASZG,0,7311.5
3496-LFSZU,0,282.0
5242-UOWHD,0,915.7500000000001
2482-CZGBB,1,700.0
6479-SZPLM,0,700.1999999999999
8097-VBQTZ,0,3774.6000000000004
4500-HKANN,0,1373.1000000000001
9917-KWRBE,0,3212.35
3420-ZDBMA,0,357.25
2212-LYASK,0,1237.95
1393-IMKZG,0,95.85
8069-RHUXK,0,2391.9
3398-GCPMU,0,6447.599999999999
2908-WGAXL,0,1397.2
3378-AJRAO,0,1093.4
1013-QCWAM,0,6652.8
0866-QLSIR,1,2189.6000000000004
6050-FFXES,0,7269.15
7181-BQYBV,1,102.45
0362-RAOQO,0,786.0
9554-DFKIC,0,1633.5
5527-ACHSO,0,775.5
0829-DDVLK,0,301.5
1399-UBQIU,0,762.8499999999999
1813-JLKWR,0,1267.2
0336-PIKEI,0,5356.8
7322-OCWHC,0,6699.599999999999
9537-VHDTA,0,51.2
4957-TIALW,0,983.9999999999999
2054-PJOCK,0,4833.0
9150-HEPMB,0,2951.2000000000003
9030-QGZNL,0,166.8
6204-IEUXJ,1,240.29999999999998
3126-WQMGH,0,2555.35
4529-CKBCL,1,160.4
2506-CLAKW,1,588.9000000000001
7176-WRTNX,0,8046.5
1583-IHQZE,1,1355.4
5732-IKGQH,0,5431.400000000001
9239-GZHZE,0,8182.8
7205-BAIAD,0,824.0
0151-ONTOV,1,70.9
4140-MUHUG,1,260.54999999999995
0093-EXYQL,0,3662.0
8064-RAVOH,0,49.85
0219-QAERP,0,594.0
0320-JDNQG,1,2296.5499999999997
7180-PISOG,1,74.5
9168-INPSZ,0,4582.6
3571-RFHAR,1,7094.75
0015-UOCOJ,0,337.40000000000003
5334-AFQJB,0,1807.2
2754-SDJRD,0,801.2
9578-VRMNM,1,1043.2
1587-FKLZB,1,6567.0
6140-QNRQQ,1,71.55
8963-JLGJT,0,167.7
4307-KTUMW,1,4976.700000000001
1465-LNTLJ,0,515.2
5440-FLBQG,1,7479.6
2135-DQWAQ,0,426.5
4056-QHXHZ,0,7736.400000000001
7470-MCQTK,1,633.75
7488-MXJIV,1,342.6
7401-JIXNM,0,4930.2
9339-FIIJL,0,6188.400000000001
2027-FECZV,1,1280.4
2672-DZUOY,1,25.15
4706-DGAHW,0,45.2
3870-MQAMG,1,5958.9
6670-MFRPK,0,5464.8
6177-PEVRA,0,2664.0
4800-CZMPC,1,4956.0
4813-HQMGZ,0,722.0
7579-KKLOE,0,6478.75
7377-DMMRI,1,95.6
8402-EIVQS,0,6760.3
4947-DSMXK,0,3321.8
7245-NIIWQ,0,209.54999999999998
0002-ORFBO,0,590.4
3324-OIRTO,0,7430.150000000001
5414-OFQCB,0,5155.650000000001
4967-WPNCF,0,4586.400000000001
8552-OBVRU,0,5016.0
8499-BRXTD,0,361.8
9154-QDGTH,0,4484.9
8197-BFWVU,0,6714.0
2577-GVSIL,0,2570.75
9367-OIUXP,0,82.8
6770-UAYGJ,0,1237.25
6463-HHXJR,0,7135.5
7928-VJYAB,0,996.5999999999999
1187-WILMM,0,5632.200000000001
9776-OJUZI,0,6204.25
1306-RPWXZ,0,1002.05
8949-JTMAY,1,2859.3999999999996
2774-LVQUS,1,1245.75
3097-PYWXL,0,79.8
2266-SJNAT,0,7858.8
0869-PAPRP,0,2228.2000000000003
4238-JSSWH,0,3571.75
2972-YDYUW,0,5397.900000000001
1104-FEJAM,0,1803.2000000000003
2809-ILCYT,0,670.0
5499-ECUTN,0,3104.35
4981-FLTMF,0,3716.4
9121-PHQSR,0,1360.8
3113-IWHLC,0,279.0
3211-ILJTT,1,1196.8000000000002
4612-THJBS,1,5866.0
4277-BWBML,0,1436.3999999999999
4094-NSEDU,1,1979.25
0234-TEVTT,0,2160.0
4304-TSPVK,0,7813.200000000001
1552-AAGRX,0,3192.0
2637-FKFSY,0,138.3
9796-MVYXX,0,555.8000000000001
7874-ECPQJ,0,80.2
0020-INWCK,0,6798.25
7089-RKVSZ,0,195.2
2683-JXWQQ,0,2049.6
9548-ZMVTX,0,6512.400000000001
8739-XNIKG,0,420.0
9755-JHNMN,0,3302.6000000000004
3981-QSVQI,0,157.6
2789-HQBOU,0,241.04999999999998
9424-CMPOG,0,176.4
5067-WJEUN,0,3631.4
3450-WXOAT,0,2079.2000000000003
9251-WNSOD,0,5031.7
6974-DAFLI,0,1083.5
2616-UUTFK,0,2400.75
7064-JHXCE,0,1243.1000000000001
5103-MHMHY,1,45.95
7989-AWGEH,0,1920.8000000000002
4373-VVHQL,0,44.75
4559-UWIHT,0,1157.1000000000001
7268-IGMFD,0,1690.2
1846-XWOQN,1,70.15
0235-KGSLC,1,85.55
6650-BWFRT,0,8434.800000000001
9570-KYEUA,0,6352.0
6993-YGFJV,0,7765.95
2712-SYWAY,0,25.7
0730-BGQGF,0,6411.3
5498-IBWPI,0,3260.4
9101-NTIXF,0,38.8
0013-SMEOE,0,7788.7
9314-QDMDW,0,673.75
9308-ANMVE,0,2599.1
2884-GBPFB,1,2460.5
3757-NJYBX,1,3403.2
3413-DHLPB,0,6225.0
7649-PHJVR,0,214.5
6114-TCFID,0,1145.5
3787-TRIAL,0,547.0500000000001
2573-GYRUU,0,4370.4
5156-UMKOW,0,88.94999999999999
1247-QBVSH,0,2158.6
6734-GMPVK,0,526.5
9822-OAOVB,0,55.45
6161-ERDGD,0,6066.95
1226-JZNKR,0,158.4
7318-EIVKO,0,474.0
3771-PZOBW,0,1814.0
5136-KCKGI,1,3422.1
8231-BSWXX,0,5612.55
6486-LHTMA,0,2811.7000000000003
4083-BFNYK,0,3610.0
3722-WPXTK,1,88.35
7389-KBFIT,0,60.5
7176-WIONM,0,598.2
5141-ZUVBH,0,837.0
1089-HDMKP,0,600.05
7623-HKYRK,0,118.19999999999999
0310-SUCIN,0,6020.8
5197-PYEPU,0,3966.9
2929-ERCFZ,1,753.6
7548-SEPYI,1,481.25
8835-VSDSE,1,141.4
6619-RPLQZ,0,938.2500000000001
3275-RHRNE,0,1680.0
3503-TYDAY,0,3459.35
6901-GOGZG,0,5097.0
1623-NLDOT,1,1409.1
7021-XSNYE,0,347.55
9621-OUPYD,0,505.0
9898-KZQDZ,1,3782.0
8982-NHAVY,0,2713.5
4307-KWMXE,0,357.5
0141-YEAYS,0,2334.15
2450-ZKEED,0,591.8
3694-DELSO,0,154.2
3893-JRNFS,0,2713.2
9603-OAIHC,0,70.05
1133-KXCGE,0,361.8
5236-PERKL,1,6438.150000000001
0142-GVYSN,0,527.8000000000001
1049-FYSYG,0,606.05
7854-FOKSF,1,35.9
2519-FAKOD,1,3771.5
8406-LNMHF,0,4894.05
1821-BUCWY,0,1669.5
8263-JQAIK,1,48.9
0023-UYUPN,0,1260.0
8314-DPQHL,0,457.2
1465-WCZVT,0,58.949999999999996
9481-SFCQY,0,837.1999999999999
6360-SVNWV,0,2280.0499999999997
0567-GGCAC,0,429.8
7089-IVVAZ,1,826.8
8884-MRNSU,0,338.29999999999995
2171-UDMFD,0,622.4
9050-IKDZA,0,163.0
2205-YMZZJ,1,593.6
9802-CAQUT,0,7887.599999999999
1254-IZEYF,1,3098.4500000000003
0187-WZNAB,0,2008.8000000000002
9492-TOKRI,1,1620.0
1475-VWVDO,0,524.3000000000001
9221-OTIVJ,1,1467.8999999999999
1357-MVDOZ,0,656.15
7602-MVRMB,0,7952.400000000001
3325-FUYCG,1,2970.7999999999997
5908-QMGOE,1,1113.0
1197-BVMVG,0,297.8
5406-KGRMX,0,1743.05
8481-YYXWG,1,446.75
5968-HYJRZ,0,1153.8500000000001
5198-EFNBM,0,5167.05
7516-GMHUV,0,5252.5
7140-ADSMJ,0,163.6
2230-XTUWL,0,938.4000000000001
7706-YLMQA,0,1379.0
2585-KTFRE,0,70.45
7994-UYIVZ,0,685.2
2609-IAICY,1,77.15
1740-CSDJP,1,35.25
7717-BICXI,0,1233.0
6559-RAKOZ,0,4799.55
2636-OHFMN,1,194.2
4716-MRVEN,0,580.0
2143-LJULT,0,1691.75
1323-OOEPC,1,5215.200000000001
3200-MNQTF,0,4750.3
6164-HXUGH,0,119.10000000000001
5630-IXDXV,0,4998.45
0320-DWVTU,0,5273.5
9135-MGVPY,0,5844.3
1212-GLHMD,0,258.15
7878-JGDKK,0,178.2
1088-AUUZZ,0,4247.599999999999
0397-GZBBC,1,5537.15
6614-YWYSC,0,1525.0
9588-OZDMQ,0,90.0
7641-EUYET,1,4632.2
6476-EPYZR,0,246.0
9921-ZVRHG,1,1126.3
1174-FGIFN,0,2532.6
6620-HVDUJ,0,1450.8000000000002
4701-MLJPN,1,1712.75
1032-MAELW,0,5334.6
7641-TQFHN,0,3921.45
1552-TKMXS,0,854.7
9206-GVPEQ,1,707.85
8622-ZLFKO,0,544.5
1596-BBVTG,1,2637.25
6188-UXBBR,0,769.5
2333-KWEWW,0,360.90000000000003
5702-SKUOB,0,78.4
1134-YWTYF,0,1452.6
6061-GWWAV,0,2878.2000000000003
0679-TDGAK,0,3775.0
6585-WCEWR,0,1465.2
9067-YGSCA,0,1823.5
9067-SQTNS,0,906.4000000000001
8433-WXGNA,1,151.4
1776-SPBWV,0,683.4000000000001
8735-SDUFN,0,1749.6000000000001
9668-PUGNU,0,1739.5
9405-GPBBG,0,7072.0
1926-QUZNN,0,1818.0
3707-GNWHM,1,74.25
7016-NVRIC,0,2612.8999999999996
5829-NVSQN,0,1581.25
9565-AXSMR,0,998.4
8922-LIEGH,1,2242.5
8869-LIHMK,0,7366.4
8245-UMPYT,1,1542.4
5186-SAMNZ,1,69.5
0447-RXSGD,0,2391.6000000000004
4927-WWOOZ,0,182.9
5788-YPOEG,0,2881.5
5373-SFODM,1,3069.0
0661-KBKPA,0,4173.75
9081-WWXKP,0,951.75
0784-ZQJZX,0,1432.8
3133-PZNSR,0,7038.0
5766-ZJYBB,1,19.4
8931-GJJIQ,1,749.6999999999999
4277-PVRAN,1,640.8
0022-TCJCI,1,2821.5
0722-SVSFK,0,702.8000000000001
3612-YVGSJ,0,1735.95
9825-YCXWZ,0,4145.099999999999
5397-NSKQG,0,3410.2999999999997
8565-HBFNN,0,7396.8
2000-DHJUY,0,6454.0
0203-HHYIJ,1,632.5
8670-ERCJH,0,8164.8
7758-UJWYS,0,1378.6999999999998
2050-ONYDQ,0,1690.0
7055-JCGNI,0,7836.5
0739-UUAJR,0,3873.6
4826-DXMUP,0,2523.5
0952-KMEEH,1,1275.95
7285-KLOTR,0,946.1999999999999
0654-PQKDW,0,4386.5
7175-NTIXE,0,1903.7500000000002
7963-SHNDT,0,2033.2
9796-BPKIW,0,559.6
0188-GWFLE,0,40.1
8129-GMVGI,0,1122.8
2882-DDZPG,0,233.39999999999998
3547-LQRIK,0,1264.3
9137-NOQKA,0,38.4
5843-TTHGI,0,900.0
1849-RJYIG,0,480.0
8868-GAGIO,0,3804.75
4061-UKJWL,0,136.35000000000002
5380-XPJNZ,0,761.9
8263-QMNTJ,0,8319.6
8178-EYZUO,1,4310.2
3230-JCNZS,0,7029.0
0277-ORXQS,0,3336.2999999999997
5130-IEKQT,1,2648.75
3230-WYKIR,1,1476.0
7996-BPXHY,0,325.0
3227-WLKLI,0,5950.75
0407-BDJKB,1,5745.0
2266-FUBDZ,0,290.25
8237-ULIXL,0,1789.2
9600-UDOPK,1,2821.5
8216-AZUUZ,0,4216.8
9153-BTBVV,0,1775.0
4074-SJFFA,1,54.75
3269-ATYWD,1,3730.3500000000004
5186-PEIZU,0,673.75
1074-AMIOH,0,5737.25
4910-GMJOT,1,94.6
0354-WYROK,1,3065.9
4361-FEBGN,0,967.1999999999999
7748-UMTRK,0,3039.0
0380-ZCSBI,0,200.0
7145-FEJWU,0,1263.6
6463-MVYRY,0,3981.45
3969-JQABI,0,3784.5
9624-EGDEQ,0,732.6
1051-EQPZR,0,862.4000000000001
5849-ASHZJ,0,541.35
5780-INQIK,0,395.2
7576-OYWBN,1,228.14999999999998
4526-ZJJTM,0,2210.0
8384-FZBJK,0,5734.2
3750-RNQKR,0,233.39999999999998
0962-CQPWQ,0,1258.6000000000001
3096-YXENJ,0,6997.25
1265-BCFEO,0,5711.95
5837-LXSDN,0,1235.8500000000001
5945-AZYHT,0,7781.599999999999
8325-QRPZR,0,526.0500000000001
6384-VMJHP,0,5256.0
2262-SLNVK,0,70.1
7730-CLDSV,0,7102.8
1135-HIORI,0,7132.8
0164-APGRB,0,8272.800000000001
6481-ESCNL,0,2915.95
1790-NESIO,0,265.2
1550-EENBN,0,3234.85
5539-TMZLF,1,69.75
4323-SADQS,1,241.5
4446-BZKHU,1,6438.55
5202-IVJNU,1,1173.9
5976-JCJRH,1,703.0
8198-RKSZG,0,1126.3
0137-OCGAB,1,80.2
3351-NQLDI,1,6321.45
9297-EONCV,0,6577.2
7593-JNWRU,1,267.6
4588-YBNIB,1,19.6
1069-QJOEE,0,497.49999999999994
3336-JORSO,1,3644.85
7799-DSEWS,0,1230.3
8766-PAFNE,0,5616.099999999999
5315-CKEQK,0,1428.0
3130-ICDUP,0,161.1
0820-FNRNX,0,1133.9
0880-FVFWF,0,4838.400000000001
4611-ANLQC,0,3003.0
4213-HKBJO,0,848.1
2792-LSHWX,0,83.4
5028-GZLDO,1,141.4
0014-BMAQU,0,5332.950000000001
6861-XWTWQ,1,694.75
9018-PCIOK,0,3561.25
4837-QUSFT,0,6509.75
6877-TJMBR,1,84.8
9953-ZMKSM,0,1590.75
0907-HQNTS,0,7910.0
7665-NKLAV,0,1463.3999999999999
6769-DCQLI,1,5460.0
2433-KMEAS,1,1197.9
4391-LNRXK,0,2088.9
8250-ZNGGW,0,299.5
2195-ZRVAX,1,4009.1
3550-SAHFP,1,2750.5499999999997
2011-TRQYE,1,603.0
8562-GHPPI,0,19.8
5893-PYOLZ,0,4580.8
4986-MXSFP,0,40.0
6131-FOYAS,0,2086.0
3027-YNWZU,0,1600.0
5609-IMCGG,0,1265.25
4873-ILOLJ,1,2168.3999999999996
4727-MCYZG,0,55.55
9481-WHGWY,0,5274.5
2725-KXXWT,1,90.75
9565-DJPIB,1,358.4
4328-VUFWD,0,2312.7
3301-LSLWQ,0,1916.8999999999999
7473-ZBDSN,0,263.2
3166-PNEOF,0,5273.45
5639-NTUPK,0,677.3000000000001
8780-YRMTT,0,3128.4
8348-HFYIV,1,98.5
5140-FOMCQ,0,6439.85
6242-SGYTS,0,5886.900000000001
8166-ORCHU,0,3087.15
8414-OOEEL,0,5247.0
8454-AATJP,0,8283.6
6849-WLEYG,1,19.75
4659-NZRUF,1,1807.8500000000001
4531-AUZNK,0,4852.650000000001
4191-XOVOM,0,6640.200000000001
2150-OEGBV,0,542.7
8429-XIBUM,1,2229.7
1855-CFULU,0,80.2
4878-BUNFV,0,869.4
1872-EBWSC,0,590.1500000000001
2608-BHKFN,1,280.2
7026-YMSBE,0,591.0
7341-LXCAF,1,298.6
6997-UVGOX,0,6066.95
9674-EHPPG,0,1858.3999999999999
9462-MJUAW,1,201.6
8128-YVJRG,1,557.5500000000001
5440-VHLUL,0,7258.8
5781-BKHOP,0,7246.8
4283-FUTGF,1,1517.1499999999999
5213-TWWJU,0,2548.0
1569-TTNYJ,1,393.75
8628-MFKAX,0,8406.0
2397-BRLOM,1,643.6
7629-WIXZF,0,413.7
5445-GLVOT,0,1095.6
3976-HXHCE,0,1389.6000000000001
2466-NEJOJ,0,157.2
0254-KCJGT,0,4232.8
5472-CVMDX,0,2645.2
6461-SZMCV,0,6244.45
8150-QUDFX,0,39.7
9508-ILZDG,0,3275.8999999999996
2346-DJQTB,0,845.25
1697-LYYYX,0,1165.1000000000001
1942-OQFRW,0,44.0
4749-VFKVB,1,50.1
9640-ZSLDC,0,3211.8
4231-LZUYM,0,1846.8
7598-UAASY,1,152.8
7938-OUHIO,1,296.1
8510-AWCXC,1,1310.3999999999999
6128-AQBMT,0,2211.9500000000003
3594-BDSOA,0,489.59999999999997
0431-APWVY,1,2522.7999999999997
5133-VRSAB,0,234.8
5996-DAOQL,0,20.45
6838-YAUVY,0,5135.4
0484-JPBRU,0,1035.25
7883-ROJOC,0,853.1
0244-LGNFY,0,6670.8
7274-CGTOD,0,2709.4
4295-YURET,0,4065.5999999999995
3426-NIYYL,1,773.25
8225-BTJAU,1,792.5
4635-EJYPD,0,606.4
1866-ZSLJM,0,430.5
4636-TVXVG,0,1236.8999999999999
4236-UJPWO,0,49.0
9392-XBGTD,0,556.2
3387-VATUS,1,474.25
6402-SSEJG,0,1526.25
1143-NMNQJ,1,171.4
1169-SAOCL,0,5225.85
1110-KYLGQ,0,6819.75
9929-PLVPA,0,81.6
3518-PZXZQ,0,55.3
2371-JUNGC,0,222.75
7693-QPEFS,0,3793.4
0924-BJCRC,0,5367.0
5074-FBGHB,0,6697.6
2351-BKRZW,0,3233.6
4455-BFSPD,0,6170.150000000001
0415-MOSGF,1,44.4
1724-BQUHA,1,447.5
3948-KXDUF,0,4537.5
2323-ARSVR,0,7440.349999999999
0815-MFZGM,0,4158.0
4826-XTSOH,1,86.05
5480-XTFFL,0,651.0
8295-FHIVV,0,135.79999999999998
2495-INZWQ,1,178.2
9086-YJYXS,0,2624.8
1179-INLAT,0,58.349999999999994
7909-FIOIY,0,472.15000000000003
4139-SUGLD,1,1097.3999999999999
6857-VWJDT,1,95.65
6351-SCJKT,0,124.05000000000001
5468-BPMMO,0,901.6
5624-BQSSA,1,20.95
0197-PNKNK,0,5827.05
2439-QKJUL,0,101.25
1194-SPVSP,0,19.65
9534-NSXEM,0,536.9
2408-WITXK,1,347.0
8929-KSWIH,0,2482.5
2250-IVBWA,0,5187.2
1810-MVMAI,0,2027.9999999999998
9506-UXUSK,0,911.95
1229-RCALF,0,7360.0
3572-UOLYZ,0,3900.7999999999997
1429-UYJSV,0,236.39999999999998
5577-OTWWW,1,296.25
6100-QQHEB,1,1573.35
6366-XIVKZ,0,820.9499999999999
3470-OBUET,0,4958.0
2770-NSVDG,0,698.4000000000001
9375-MHRRS,0,300.29999999999995
2634-HCZGT,1,3182.6499999999996
7503-QQRVF,1,1188.8
4860-YZGZM,0,200.0
6599-GZWCM,0,970.45
2691-NZETQ,1,768.15
4404-HIBDJ,1,1857.5
5533-NHFRF,0,310.8
7037-MTYVW,0,3245.2000000000003
4760-THGOT,0,4046.2999999999997
7295-JOMMD,1,392.4
4016-BJKTZ,0,2722.5
6584-VQMYT,0,1517.4
9838-BFCQT,0,1879.2
2790-XUYMV,0,6066.95
0581-MDMPW,0,2134.8
5013-SBUIH,1,5482.5
1023-BQXZE,0,4237.95
9163-GHAYE,0,732.75
3904-UKFRE,0,320.4
5353-WILCI,0,1569.3999999999999
0709-TVGUR,1,670.9499999999999
0058-EVZWM,0,4939.0
6023-YEBUP,1,302.85
7209-JCUDS,1,949.0
7009-PCARS,0,1050.5
0519-DRGTI,0,407.0
1017-FBQMM,0,6575.099999999999
3001-CBHLQ,1,3356.8
1985-MBRYP,0,844.9499999999999
6158-DWPZT,1,216.9
9372-TXXPS,0,3591.0
3259-QMXUN,0,4993.799999999999
1015-JPFYW,0,136.15
6645-MXQJT,0,194.2
4360-QRAVE,0,1356.05
8433-WPJTV,0,6753.5
5804-JMYIO,0,770.25
3763-GCZHZ,1,6867.3
6484-LATFU,0,1669.4
7599-NTMDP,0,3019.4
0772-GYEQQ,1,265.04999999999995
0536-ACXIP,0,7887.599999999999
0936-NQLJU,0,846.65
4831-EOBFE,1,2744.8500000000004
1575-KRZZE,0,220.8
3251-YMVWZ,0,1274.65
4102-OQUPX,1,74.4
9170-GYZJC,1,3275.9
4884-LEVMQ,0,797.55
8857-CUPFQ,0,1212.75
7610-TVOPG,0,395.25
3638-DIMPH,0,569.4
1845-ZLLIG,0,50.15
8559-WNQZS,0,20.45
3999-QGRJH,1,557.6
1699-UOTXU,0,3684.0
2454-RPBRZ,1,1177.1999999999998
0635-WKOLD,0,2830.0
5993-JSUWV,0,4035.9
4518-FZBSX,0,850.5
5387-ASZNZ,0,4214.1
6988-CJEYV,0,4836.3
2002-MZHWP,1,20.5
3097-FQTVJ,0,820.0
5465-BUBFA,0,791.3000000000001
7299-GNVPL,0,1941.2
9743-DQKQW,0,75.30000000000001
1215-VFYVK,0,193.0
9371-BITHB,0,1032.2
2265-CYWIV,1,398.4
9093-FPDLG,0,1036.2
0541-FITGH,0,124.3
6985-HAYWX,0,2061.7999999999997
7508-KBIMB,0,1350.0
6838-HVLXG,0,243.60000000000002
2277-DJJDL,0,5940.0
1897-OKVMW,0,5798.4
5485-ITNPC,0,5669.400000000001
0233-FTHAV,0,4752.0
4644-PIZRT,0,1195.9499999999998
8922-NPKBJ,0,812.7
2740-TVLFN,0,50.15
7771-CFQRQ,0,2998.6
9512-PHSMG,0,205.5
6963-EZQEE,0,6198.5
2452-KDRRH,0,6793.8
2004-OCQXK,1,81.95
5027-QPKTE,1,485.44999999999993
4146-SVFUD,0,44.6
1564-HJUVY,0,255.0
3617-XLSGQ,0,7210.5
7517-LDMPS,0,1015.1999999999999
7244-KXYZN,0,490.79999999999995
5226-NOZFC,0,2229.5
2672-HUYVI,1,546.5999999999999
1400-WIVLL,0,6153.150000000001
7508-MYBOG,1,1205.3999999999999
8148-NLEGT,0,963.9
0148-DCDOS,1,2367.5
8347-GDTMP,0,1244.8
9992-RRAMN,1,1872.1999999999998
6746-WAUWT,0,374.3
0310-MVLET,1,6048.150000000001
0428-IKYCP,0,1914.0
4550-VBOFE,1,7206.5
2187-PKZAY,0,959.4000000000001
4003-OCTMP,0,1984.0
6652-YFFJO,0,713.9000000000001
7225-IILWY,0,1751.0
5248-RPYWW,0,6490.8
7923-IYJWY,0,7778.7
3170-GWYKC,0,6297.0
5696-QURRL,1,45.05
7409-KIUTL,1,71.0
9830-ECLEN,0,2900.0
1732-VHUBQ,1,3315.85
0495-RVCBF,1,79.7
2668-TZSPS,0,20.45
7854-EDSSA,1,1298.0
8869-TORSS,1,2896.8
7446-SFAOA,0,734.45
9522-ZSINC,0,259.34999999999997
8234-GSZYK,0,1137.35
6505-OZNPG,0,380.4
6164-HAQTX,0,3830.4500000000003
0679-IDSTG,1,69.25
7765-LWVVH,0,6847.2
1658-TJVOA,0,444.59999999999997
0953-LGOVU,0,426.0
2115-BFTIW,1,1773.75
4692-NNQRU,0,1663.2
7742-MYPGI,0,292.79999999999995
0611-DFXKO,1,1780.0
7780-OTDSO,1,1789.2
9619-GSATL,0,2384.35
5622-UEJFI,0,889.0
9747-DDZOS,1,73.5
0674-DGMAQ,0,2992.0
6203-HBZPA,0,3322.7999999999997
0484-FFVBJ,0,2075.2
0301-FIDRB,0,4593.599999999999
4139-JPIAM,0,2266.9500000000003
2181-TIDSV,0,1356.6
2761-XECQW,0,346.8
1936-CZAKF,0,2432.85
9453-PATOS,0,6127.2
0564-JJHGS,1,859.5
3348-CFRNX,1,2585.7999999999997
4402-FTBXC,0,4849.2
1428-GTBJJ,1,820.05
2931-XIQBR,0,5152.5
0106-UGRDO,0,8004.0
5542-TBBWB,0,69.9
1930-QPBVZ,0,6466.799999999999
2606-PKWJB,0,1610.0
5322-ZSMZY,0,798.25
8059-UDZFY,0,3476.5499999999997
7740-BTPUX,0,6248.0
5220-AGAAX,0,1632.0
0208-BPQEJ,0,232.79999999999998
9435-JMLSX,0,6113.099999999999
3352-ALMCK,0,4106.0
5312-IRCFR,0,5942.4
5294-IMHHT,0,5180.75
8802-UNOJF,1,1005.5999999999999
6313-GIDIT,1,2885.8500000000004
6176-YJWAS,0,7052.400000000001
5310-NOOVA,0,917.6999999999999
4526-EXKKN,0,984.0
5311-IHLEI,0,611.4000000000001
3987-KQDDU,0,680.4
3404-JNXAX,0,4118.25
5131-PONJI,0,4429.6
2845-AFFTX,1,4091.7999999999997
3489-VSFRD,0,3374.0
3345-JHUEO,0,80.8
5815-HGGHV,0,1283.0
5260-UMPWX,0,526.5
2249-YPRNG,1,2117.0
7410-YTJIK,1,528.15
4626-GYCZP,1,656.9499999999999
5649-RXQTV,0,5049.0
2674-MIAHT,0,321.2
2576-HXMPA,0,19.55
7587-AOVVU,0,2720.25
5590-BYNII,1,2216.5
6898-MDLZW,0,645.0
3237-AJGEH,1,93.0
4707-YNOQA,0,870.4000000000001
9357-UJRUN,0,1400.4
1591-NFNLQ,1,4080.0
8648-PFRMP,0,648.9
7663-CUXZB,0,6711.25
0258-NOKBL,0,271.20000000000005
1163-VIPRI,0,7104.5
2815-CPTUL,1,351.25
9348-ROUAI,0,5327.7
9443-JUBUO,0,4698.0
0596-BQCEQ,1,6209.3
1481-ZUWZA,1,2646.0
3043-TYBNO,0,181.95
4830-FAXFM,0,457.90000000000003
5906-BFOZT,0,19.5
2960-NKRSO,0,2062.8
8996-ZROXE,0,3049.5
5598-IKHQQ,0,1832.3999999999999
0397-ZXWQF,0,1373.5
5266-PFRQK,0,1084.2
4674-HGNUA,0,6382.900000000001
6765-MBQNU,0,676.0
9786-IJYDL,0,3962.0
1303-SRDOK,0,3797.75
3769-MHZNV,0,663.3000000000001
6295-OSINB,0,7894.8
3308-MHOOC,0,19.2
2309-OSFEU,1,339.0
2207-QPJED,0,3330.0
4177-JPDFU,0,408.0
2239-CFOUJ,0,20.4
8046-DNVTL,0,2393.2000000000003
2209-XADXF,0,25.25
6620-JDYNW,0,1090.8
1891-FZYSA,1,6206.55
4770-UEZOX,0,149.5
1038-RQOST,0,391.40000000000003
7613-LLQFO,1,1013.4000000000001
4568-TTZRT,0,183.6
9513-DXHDA,0,2205.9
2640-PMGFL,1,2146.5
3801-HMYNL,1,89.15
0516-QREYC,0,487.20000000000005
9685-WKZGT,1,1049.3
6022-UGGSO,1,2380.8
8084-OIVBS,0,220.0
8896-BQTTI,0,25.0
3865-QBWSJ,0,3057.1
3352-RICWQ,0,177.75
2160-GPFXD,0,3545.1000000000004
2065-MMKGR,0,2059.0
5857-TYBCJ,0,3924.8
1498-NHTLT,0,5118.25
4484-CGXFK,1,165.89999999999998
1402-PTHGN,0,1107.0
4176-RELJR,0,1681.7
6214-EDAKZ,1,1213.3
5199-FPUSP,0,1123.6499999999999
6377-KSLXC,0,99.75
1796-JANOW,0,39.9
0238-WHBIQ,0,6458.400000000001
8735-NBLWT,0,183.6
6651-RLGGM,0,1762.1000000000001
6127-ISGTU,1,1359.2
1614-JBEBI,0,165.6
8740-XLHDR,1,216.25
1208-DNHLN,1,1112.05
1761-AEZZR,1,79.55
3923-CSIHK,1,3552.5
5696-EXCYS,0,330.65
5795-KTGUD,0,7534.4
7120-RFMVS,1,84.5
7924-GJZFI,0,1732.5
4702-HDRKD,0,3306.4500000000003
8512-WIWYV,0,651.2
5897-ZYEKH,0,7075.2
5456-ITGIC,0,4640.400000000001
7317-GGVPB,1,7710.599999999999
1406-PUQVY,0,49.9
1322-AGOQM,1,1393.8
3677-IYRBF,1,60.8
5692-FPTAH,1,45.4
9114-AAFQH,0,3151.2000000000003
8715-KKTFG,0,6301.3
1550-LOAHA,1,2692.8
1728-BQDMA,0,88.9
0268-QKIWO,1,59.25
0876-WDUUZ,1,427.0
5117-ZSMHQ,0,6382.900000000001
5151-HQRDG,0,2036.85
0960-HUWBM,0,6766.5
6465-GSRCL,0,7142.2
0617-FHSGK,1,3684.8
0263-FJTQO,0,3525.0
7319-ZNRTR,0,490.00000000000006
2858-MOFSQ,1,949.45
7503-EPSZW,0,1539.2
7089-XXAYG,0,952.5
8118-LSUEL,1,2447.2000000000003
8070-AAWZP,0,822.0
1666-JXLKU,0,3701.85
7855-DIWPO,0,1441.65
5133-POWUA,0,45.8
5652-MSDEY,0,757.5
7005-CCBKV,1,506.40000000000003
1810-BOHSY,0,4916.400000000001
1784-BXEFA,0,205.5
7351-MHQVU,0,305.70000000000005
9224-VTYID,0,4253.5
9500-IWPXQ,0,4843.400000000001
5762-TJXGK,0,3055.0
4504-YOULA,0,2080.75
5569-IDSEY,0,7504.7
4250-FDVOU,1,337.5
7284-ZZLOH,0,2398.5
5277-ZLOOR,1,171.1
2141-RRYGO,1,274.6
1777-JYQPJ,0,48.6
6376-GAHQE,1,311.4
3401-URHDA,0,3054.9
1599-EAHXY,0,1437.0
8631-XVRZL,0,181.35
5052-PNLOS,1,316.04999999999995
3853-LYGAM,0,1626.0500000000002
6979-ZNSFF,1,696.4
5751-USDBL,0,3726.0
5680-LQOGP,0,5606.6
2386-LAHRK,1,53.5
8189-DUKMV,0,82.0
6032-IGALN,1,25.1
9931-DCEZH,0,1523.2
1898-JSNDC,0,2285.4
0315-LVCRK,0,932.8
3911-RSNHI,0,4359.4
2410-CIYFZ,0,40.8
4248-HCETZ,1,2389.5
5505-OVWQW,0,342.54999999999995
7271-AJDTL,0,5194.75
1867-TJHTS,0,4628.4
0516-WJVXC,1,271.0
9174-FKWZE,1,19.45
6860-YRJZP,0,666.4499999999999
4429-WYGFR,0,1277.8999999999999
2817-LVCPP,0,969.9999999999999
5038-ETMLM,0,8182.8
5056-FIMPT,0,4558.0
4521-WFJAI,0,1453.2
6569-KTMDU,0,19.1
8809-RIHDD,1,7444.8
8809-XKHMD,0,7239.599999999999
0396-YCHWO,0,3434.4
0867-LDTTC,0,375.75
4822-NGOCH,1,1097.8500000000001
9391-DXGGG,0,3922.6000000000004
9844-FELAJ,0,7553.0
2122-SZZZD,0,858.0
5307-DZCVC,1,2750.4
3148-AOIQT,0,1721.55
8679-JOEVF,1,950.4
8395-ETZKQ,0,1326.0
6692-YQHXC,0,1119.2
3889-VWBID,0,5633.799999999999
5222-JCXZT,0,76.0
9754-CLVZW,0,1010.1
1432-FPAXX,1,887.4000000000001
2739-CCZMB,0,101.75
7080-TNUWP,0,6650.0
0496-AHOOK,0,1785.6000000000001
8336-TAVKX,0,5648.400000000001
2468-SJFLM,0,74.3
3181-VTHOE,0,3573.5
7168-HDQHG,0,691.1999999999999
4803-AXVYP,1,3782.9
3884-HCSWG,1,1190.0
4567-AKPIA,0,4473.099999999999
5077-DXTCG,1,45.3
1142-WACZW,1,59.7
7901-HXJVA,0,1070.3
5649-ANRML,1,190.2
4892-VLANZ,1,19.8
5924-IFQTT,0,946.4
7968-QUXNS,0,113.69999999999999
2919-HBCJO,1,306.6
4236-XPXAV,1,495.75
8903-WMRNW,0,1526.25
2452-SNHFZ,0,3546.15
3629-WEAAM,0,512.8
6029-CSMJE,0,436.04999999999995
7993-NQLJE,0,1126.5
9909-DFRJA,0,2492.1
9099-FTUHS,0,1251.2
0581-BXBUB,0,291.0
4962-CHQPW,0,575.6500000000001
9467-ROOLM,0,476.25
3030-YZADT,1,404.55
7410-KTVFV,1,891.9
5150-ITWWB,0,284.54999999999995
2253-KPMNB,0,3191.25
1345-ZUKID,0,270.90000000000003
6429-SHBCB,0,1322.3999999999999
9281-OFDMF,0,3537.3
2603-HVKCG,0,3143.4
1834-WULEG,0,486.0
9097-ZUBYC,0,683.1999999999999
5148-ORICT,0,4758.4
4893-GYUJU,0,967.5000000000001
4578-PHJYZ,0,3575.0
7272-QDCKA,0,2805.6
8908-SLFCJ,0,437.85
8393-DLHGA,1,2397.5
9766-HGEDE,0,328.95000000000005
6968-MHOMU,0,2610.0
7395-IGJOS,1,1385.5
5044-XDPYX,0,1300.5
1814-WFGVS,0,3520.7999999999997
2834-SPCJV,1,4373.2
3721-WKIIL,0,529.2
6734-CKRSM,0,60.0
1265-ZFOSD,0,5203.2
6568-POCUI,0,4284.0
7890-VYYWG,1,109.35000000000001
5197-LQXXH,0,5914.3
9907-SWKKF,1,25.05
3457-PQBYH,0,1177.4
7682-AZNDK,0,3054.8999999999996
0587-DMGBH,1,398.8
5384-ZTTWP,0,297.0
3745-HRPHI,0,3606.9
7636-OWBPG,0,352.20000000000005
1231-YNDEK,0,1110.6999999999998
1407-DIGZV,0,57.300000000000004
6397-JNZZG,1,2388.65
0570-BFQHT,0,724.9499999999999
4393-OBCRR,0,60.75
3523-QRQLL,1,1529.0
8564-LDKFL,0,4240.0
3696-DFHHB,0,1734.0
0895-DQHEW,1,5632.2
4717-GHADL,0,3979.9999999999995
5501-TVMGM,0,55.25
5879-HMFFH,0,6339.599999999999
6772-WFQRD,0,816.0
3810-DVDQQ,0,8467.199999999999
6972-SNKKW,0,120.0
3694-GLTJM,0,98.25
8550-XSXUQ,0,3386.3999999999996
8149-RSOUN,1,93.85
9055-MOJJJ,0,4211.2
4359-INNWN,0,340.85
0585-EGDDA,0,3200.0
4032-RMHCI,0,1451.3999999999999
0549-CYCQN,0,4059.6
3481-JHUZH,0,3290.25
7250-EQKIY,1,50.45
3594-IVHJZ,0,40.9
6869-FGJJC,0,5412.799999999999
3896-ZVNET,0,592.8
8205-VSLRB,0,5411.0
5960-MVTUK,0,89.25
6817-WTYHE,0,89.8
3082-VQXNH,0,89.4
4013-UBXWQ,1,522.5500000000001
4931-TRZWN,0,935.35
0750-EKNGL,0,145.25
7669-LCRSD,0,675.5999999999999
3567-PQTSO,0,5578.25
5519-NPHVG,1,1130.4
8043-PNYSD,0,1231.65
9938-EKRGF,0,1266.75
2703-AMTUL,0,1931.3999999999999
0928-JMXNP,0,119.6
8173-RXAYP,0,472.79999999999995
4825-XJGDM,0,2665.7000000000003
5402-HTOTQ,0,884.8
6734-JDTTV,0,1290.25
7850-THJMU,0,510.9
3890-RTCMS,0,791.2
8849-GYOKR,1,5753.7
3148-BLQJT,1,20.1
3717-FDJFU,0,102.25
3665-JATSN,0,754.3000000000001
7966-YOTQW,0,545.0
0461-CVKMU,1,1927.3999999999999
8806-EAGWC,1,165.45
8853-TZDGH,0,8035.2
7779-LGOVN,1,866.5
4324-BZCKL,0,555.5
6924-TDGMT,0,226.05
9710-ZUSHQ,1,3949.75
1536-YHDOE,0,1055.7
8123-QBNAZ,0,3762.0
3629-ZNKXA,0,1730.6
4827-LTQRJ,0,7299.599999999999
7711-YIJWC,0,5178.900000000001
5482-VXSXJ,0,2050.4
7365-BVCJH,0,24.4
9620-ENEJV,0,423.29999999999995
4183-WCSEP,1,2431.9500000000003
2378-YIZKA,0,5780.0
5498-TXHLF,1,2973.3
0689-DSXGL,0,4461.599999999999
6818-DJXAA,0,911.0
9722-UJOJR,1,2051.75
0464-WJTKO,0,1447.2
8902-ZEOVF,0,942.35
6778-EICRF,0,1795.1999999999998
2662-NNTDK,0,1612.0
4132-KALRO,0,403.4
3902-FOIGH,1,1216.1999999999998
6772-KSATR,1,81.7
7112-OPOTK,1,2252.25
2874-YXVVA,0,3573.3999999999996
1245-HARPS,0,285.59999999999997
4210-QFJMF,1,316.6
4323-ELYYB,0,260.0
4293-ETKAP,0,5161.0
6064-PUPMC,0,1315.6000000000001
6504-VBLFL,0,3223.0
6322-PJJDJ,0,4645.2
0330-BGYZE,0,6150.0
1085-LDWAM,0,1404.15
7586-ZATGZ,0,3396.0
7197-VOJMM,0,4636.400000000001
3318-OSATS,1,3340.75
5828-AVIPD,1,1918.05
1843-TLSGD,0,271.05
9626-VFRGG,0,3628.5
7075-BNDVQ,0,140.0
9143-CANJF,0,1323.6
7284-BUYEC,0,254.75
2041-JIJCI,0,320.0
1086-LXKFY,1,69.1
4900-MSOMT,0,5774.400000000001
2229-VWQJH,0,1183.1999999999998
9194-GFVOI,0,3542.7
1336-EZFZY,0,80.2
4282-MSACW,0,7969.6
1403-LKLIK,0,663.3000000000001
2636-ALXXZ,1,69.6
7774-OJSXI,1,3206.9500000000003
7786-WBJYI,1,311.8
0136-IFMYD,0,7586.55
5144-TVGLP,0,3600.5
9643-AVVWI,0,240.0
0253-ZTEOB,0,3823.2000000000003
2706-QZIHY,0,378.0
6061-PQHMK,0,497.49999999999994
9885-CSMWE,1,78.45
6137-MFAJN,0,2150.3999999999996
9122-UMROB,0,20.3
4232-JGKIY,0,19.2
2402-TAIRZ,0,2961.85
9659-ZTWSM,0,7085.099999999999
9139-TWBAS,0,1244.1000000000001
6685-GBWJZ,0,4460.4
5016-ETTFF,1,295.0
3866-MDTUB,1,141.5
2195-VVRJF,0,1063.8
3913-RDSJZ,0,1635.2
8058-JMEQO,1,760.0500000000001
4203-QGNZA,0,567.0
5043-TRZWM,0,75.55
0697-ZMSWS,1,342.6
7657-DYEPJ,1,2665.7000000000003
9494-BDNNC,0,6289.8
1640-PLFMP,0,70.25
5366-OBVMR,0,905.4
8276-MQBYC,1,4987.8
7644-OMVMY,0,0.0
7593-XFKDI,1,46.3
4573-JKNAE,0,232.20000000000002
0337-CNPZE,1,4358.3
9817-APLHW,0,300.0
8380-MQINP,0,1116.5
0840-DFEZH,0,527.4499999999999
1513-XNPPH,1,1072.8000000000002
8690-ZVLCL,0,5984.0
6015-VVHHE,1,415.75
1125-SNVCK,0,2146.2
0384-LPITE,0,2482.0
4616-EWBNJ,0,321.6
6347-DCUIK,1,741.5
1335-HQMKX,0,7297.2
2545-EBUPK,0,168.1
6923-AQONU,0,480.7
2172-EJXVF,0,7518.900000000001
0897-FEGMU,1,1094.5
7663-RGWBC,1,44.15
1120-BMWUB,1,862.4
9124-LHCJQ,1,85.45
4536-PLEQY,0,1020.5999999999999
7029-IJEJK,0,2381.4
8871-JLMHM,0,6133.6
2235-ZGKPT,1,203.4
3891-PUQOD,1,59.2
5447-VYTKW,0,1443.15
3623-FQBOX,0,418.95
0689-NKYLF,1,1081.6000000000001
8659-HDIYE,0,4777.6
3658-KIBGF,1,54.9
3474-BAFSJ,0,3277.5
5519-YLDGW,1,2181.9
3865-ZFZIB,0,373.34999999999997
1855-AGAWH,0,2907.7999999999997
7109-CQYUZ,0,4641.0
1370-GGAWX,0,4330.900000000001
4680-KUTAJ,0,611.6
5307-UVGNB,0,2581.1000000000004
4946-EDSEW,1,211.75
2883-ILGWO,0,5979.3
2516-VQRRV,1,150.9
7580-UGXNC,1,109.7
3642-BYHDO,0,1412.8999999999999
9629-NHXFW,0,19.4
2696-RZVZW,0,1703.4
5766-FTRTS,0,6080.400000000001
0396-HUJBP,0,38.6
5178-LMXOP,1,95.1
8879-ZKJOF,0,3273.85
6285-FTQBF,0,1839.6000000000001
8185-UPYBR,1,453.0
4585-HETAI,1,295.0
7526-BEZQB,1,1152.6
1474-JUWSM,0,3967.2000000000003
3530-CRZSB,0,144.54999999999998
8498-XXGWA,0,3584.75
9617-INGJY,0,70.6
0621-TSSMU,0,1117.2
7234-KMNRQ,0,76.0
7636-PEPNS,0,2557.8
4683-WYDOU,0,6671.2
9052-DHNKM,0,1600.3
6794-HKIAJ,0,5623.400000000001
5578-NKCXI,0,5756.5
1642-HMARX,0,6235.6
3096-WPXBT,0,6142.7
8434-PNQZX,0,3294.9
5950-AAAGJ,0,1517.3999999999999
4299-OPXEJ,0,1094.8
4951-UKAAQ,1,355.8
9618-LFJRU,0,81.8
6693-DJWTY,0,1946.0
0744-GKNGE,0,5555.2
6447-EGDIV,0,649.4499999999999
1167-OYZJF,0,1343.3500000000001
2108-YKQTY,1,202.8
4806-DXQCE,0,7955.5
4918-QLLIW,1,160.2
7056-IMHCC,1,5400.700000000001
4854-SSLTN,0,119.0
5294-DMSFH,0,2546.2
4837-PZTIC,0,1969.3
1625-JAIIY,1,5644.0
0603-OLQDC,0,838.1999999999999
3272-VUHPV,0,450.4
4176-FXYBO,0,5915.7
1063-DHQJF,0,6358.35
8663-UPDGF,0,1807.0
6719-FGEDO,0,6984.0
1837-YQUCE,0,4084.5
2947-DOMLJ,1,50.6
4112-LUEIZ,1,895.0
0369-ZGOVK,0,1971.2000000000003
4510-HIMLV,1,69.8
9919-KNPOO,0,1980.3
8749-JMNKX,1,4783.8
7872-BAAZR,0,1036.15
9391-LMANN,0,5085.35
2430-USGXP,1,2425.2
8174-TBVCF,0,6636.0
1698-XFZCI,0,6572.75
1877-HKBQX,0,600.6
4450-DLLMH,0,142.6
0428-AXXLJ,0,487.5
2746-DIJLO,0,2308.2999999999997
5955-ERIHD,1,1704.6000000000001
0917-EZOLA,1,7498.8
3508-VLHCZ,0,6429.05
4086-ATNFV,0,2067.2
0468-YRPXN,0,2865.2
5996-NRVXR,0,3926.0
3739-YBWAB,0,1272.6000000000001
7047-FWEYA,0,4744.900000000001
2000-MPKCA,0,6249.5
9762-YAQAA,0,3174.6000000000004
5949-EBSQK,1,245.8
5473-KHBPS,0,4976.400000000001
0100-DUVFC,0,7336.0
5397-TUPSH,0,4611.75
8950-MTZNV,0,44.95
0326-VDYXE,0,6835.5
6773-LQTVT,0,1033.85
7274-RTAPZ,1,90.55
0436-TWFFZ,0,5711.75
8566-YPRGL,0,19.5
0311-UNPFF,1,2308.7999999999997
6609-MXJHJ,0,753.0
2669-OIDSD,0,4802.4
8400-WZICQ,0,3063.5
3834-XUIFC,1,596.4
9576-SYUHJ,0,3372.55
0410-IPFTY,0,2599.35
2831-EBWRN,0,183.6
9430-NKQLY,0,1807.2
8414-MYSHR,1,457.0
0247-SLUJI,0,19.7
9402-ORRAH,0,1372.5
6483-OATDN,0,410.4
1293-HHSHJ,0,738.5
4840-ORQXB,0,5866.0
7599-FKVXZ,1,4458.3
3982-DQLUS,0,5573.75
8610-ZIKJJ,0,40.6
3756-VNWDH,0,6548.75
7801-KICAO,0,1334.7
7673-LPRNY,0,1806.6499999999999
8229-TNIQA,1,181.2
6060-QBMGV,0,1389.5
7339-POGZN,0,202.8
2828-SLQPF,0,855.0
4465-VDKIQ,0,1400.3999999999999
2921-XWDJH,0,3171.1
6221-AVQYL,1,146.5
2558-BUOZZ,0,4455.599999999999
9257-AZMTZ,0,1045.2
0003-MKNFE,0,539.1
0975-UYDTX,0,2342.6
7743-EXURX,1,408.4
4682-BLBUC,0,3121.8
0975-VOOVL,0,87.6
5968-VXZLG,0,93.2
5569-KGJHX,1,768.15
4988-IQIGL,1,75.35
5201-FRKKS,0,1857.5
9799-CAYJJ,0,138.6
7730-IUTDZ,1,3233.6
0426-TIRNE,1,20.9
5443-SCMKX,0,5469.4
8295-KMENE,0,4510.55
6738-ISCBM,0,2376.0
9821-BESNZ,0,6880.5
3678-MNGZX,0,1356.6
1335-NTIUC,0,224.54999999999998
2916-BQZLN,0,1610.25
4558-CGYCZ,0,79.0
2368-GAKKQ,0,7955.5
8710-YGLWG,0,44.9
3199-XGZCY,0,602.0
3785-KTYSH,0,1303.8000000000002
6814-ZPWFQ,0,1275.0
4063-EIKNQ,0,230.45
6993-YCOBK,0,6636.0
5206-HPJKM,0,943.5
7587-RZNME,1,129.89999999999998
0748-RDGGM,1,7665.0
8393-JMVMB,0,19.45
5019-GQVCR,0,3648.5499999999997
6036-TTFYU,0,313.6
2550-AEVRU,0,3046.65
0969-RGKCU,0,732.6
0378-CJKPV,0,8071.2
4706-AXVKM,1,932.8
5889-JTMUL,1,4752.5
9026-RNUJS,1,251.75
3746-EUBYR,1,74.6
2332-EFBJY,1,315.2
2880-FPNAE,0,148.4
1703-MGIAB,0,1173.0
4311-QTTAI,0,309.6
9474-PHLYD,1,891.75
4318-RAJVY,0,198.0
2165-VOEGB,1,4839.2
3612-YUNGG,0,6988.8
2254-DLXRI,0,79.15
5062-CJJKH,0,1341.25
9028-LIHRP,0,7114.2
2219-MVUSO,1,361.2
1053-MXTTK,0,7822.8
1530-ZTDOZ,0,1991.85
1301-LOPVR,0,1605.15
0853-TWRVK,0,7603.2
8914-RBTSB,1,2907.7999999999997
6212-ATMLK,0,4785.0
8200-LGKSR,0,5907.2
1568-BEKZM,0,6303.5
0670-ANMUU,0,6933.150000000001
6897-RWMUB,0,4151.05
0963-ZBDRN,1,3078.4
7594-RQHXR,1,79.6
6999-CHVCF,0,6942.799999999999
6134-KWTBV,0,1450.8
1077-HUUJM,0,497.34999999999997
6331-EWIEB,1,1705.0
0895-LNKRC,0,116.69999999999999
2045-BMBTJ,0,1961.8500000000001
8417-GSODA,0,2581.6
5171-EPLKN,0,535.95
4452-QIIEB,0,307.3
5998-VVEJY,1,2093.0
1624-NALOJ,1,449.0
6741-EGCBI,0,2715.0
7820-ZYGNY,0,5698.35
4317-VTEOA,1,50.75
9677-AVKED,0,4483.799999999999
1670-SVOWZ,1,1255.1000000000001
2227-JRSJX,0,2082.15
9847-HNVGP,0,339.15
6696-YDAYZ,0,328.0
8980-WQFWL,0,2173.5
1730-ZMAME,0,2544.0
6506-EYCNH,0,547.4
4634-JLRJT,0,20.35
9501-UKKNL,0,3050.3
2560-QTSBS,0,1677.6000000000001
7541-YLXCL,1,2354.4
4795-WRNVT,0,2604.0
6080-TCMYC,0,3248.0
0260-ZDLGK,1,656.1
7860-UXCRM,0,4693.5
6357-JJPQT,0,241.5
2292-XQWSV,0,2412.0
9552-TGUZV,0,600.0
5913-INRQV,0,3065.1000000000004
8722-NGNBH,1,200.0
6210-KBBPI,1,895.0500000000001
9643-YBLUR,0,621.4499999999999
8734-FNWVH,0,1850.7
9447-YPTBX,0,992.5000000000001
0133-BMFZO,1,172.5
6128-CZOMY,1,45.65
9540-JYROE,1,560.8
9026-LHEVG,0,366.75
2260-USTRB,1,140.4
3656-TKRVZ,1,166.05
7011-CVEUC,0,2392.5
6185-TASNN,0,46.3
7925-PNRGI,0,3658.5
8623-TMRBY,1,4294.2
1552-CZCLL,0,1100.0
3038-PQIUY,0,2513.7000000000003
1501-SGHBW,1,91.7
9313-CDOGY,0,744.8000000000001
8148-BPLZQ,0,1693.1999999999998
2623-DRYAM,0,7122.5
9987-LUTYD,0,716.9499999999999
3208-YPIOE,1,2934.75
4488-KQFDT,0,6340.95
2612-RANWT,1,1201.8000000000002
5693-PIPCS,0,4085.65
0491-KAPQG,0,1547.7
1925-LFCZZ,0,2752.75
8039-EQPIM,0,4157.25
6900-PXRMS,1,2749.5
8707-RMEZH,0,6023.7
3346-BRMIS,1,870.3000000000001
3209-ZPKFI,0,2549.75
6479-VDGRK,0,6141.599999999999
9373-WSLOY,0,1650.0
2933-FILNV,1,48.8
3569-JFODW,0,6548.400000000001
9819-FBNSV,0,2673.25
9544-PYPSJ,0,5958.2
1591-XWLGB,0,1409.3500000000001
0396-UKGAI,0,1271.8999999999999
3243-ZHOHY,0,321.6
5186-EJEGL,0,625.5
7527-QNRUS,0,427.54999999999995
9986-BONCE,1,83.8
2722-JMONI,1,49.55
2203-GHNWN,0,1911.6000000000001
3878-AVSOQ,0,71.25
3258-SYSWS,0,8193.6
5296-PSYVW,0,1767.6000000000001
6319-QSUSR,0,216.7
4083-EUGRJ,1,182.25
7579-OOPEC,1,100.3
0512-FLFDW,0,6030.0
1771-OADNZ,1,2781.1000000000004
0487-CRLZF,0,3648.05
2107-FBPTK,0,3123.0
9451-WLYRI,0,1009.6500000000001
8219-VYBVI,0,975.0
1991-VOPLL,0,171.45000000000002
9738-QLWTP,0,3194.1000000000004
1016-DJTSV,0,557.6
9419-IPPBE,0,4597.650000000001
0174-QRVVY,0,1799.8500000000001
5699-BNCAS,0,1750.1499999999999
2900-PHPLN,0,1368.5
0612-RTZZA,1,25.25
8106-GWQOK,0,2280.0
8751-EDEKA,0,2517.2000000000003
6878-GGDWG,0,620.8
4039-PIMHX,0,2440.2
8450-LUGUK,0,891.7
3604-WLABM,0,542.5
0795-GMVQO,0,7363.3
2259-OUUSZ,0,248.5
1142-IHLOO,0,4465.05
6410-LEFEN,1,406.34999999999997
4633-MKHYU,0,795.6
6257-RJOHI,0,203.2
1545-JFUML,0,7029.0
3194-ORPIK,1,4220.0
7826-VVKWT,0,2317.2
1353-GHZOS,0,1314.5
2587-EKXTS,0,4906.0
5442-BXVND,0,800.25
8816-VXNZD,1,75.1
9378-FXTIZ,1,3788.1000000000004
1723-HKXJQ,1,4273.5
7825-GKXMW,1,45.8
9753-OYLBX,0,20.5
2364-UFROM,0,2112.0
6656-JWRQX,0,30.55
6473-ULUHT,0,1358.4
1240-KNSEZ,1,20.1
0836-SEYLU,1,365.84999999999997
4433-JCGCG,1,4646.0
3716-BDVDB,1,69.1
7688-AWMDX,0,3869.5
2842-BCQGE,0,3240.0499999999997
7244-QWYHG,0,2222.5
5899-MQZZL,1,975.0
6849-OYAMU,1,1900.0
5312-UXESG,0,4020.0499999999997
9488-HGMJH,1,71.15
6038-GCYEC,1,1299.6
2150-WLKUW,0,2556.0
7159-FVYPK,0,207.45000000000002
7032-LMBHI,0,2392.05
1150-WFARN,1,7286.25
6088-BXMRG,0,3163.2
3144-AUDBS,1,294.9
4821-SJHJV,0,2867.2
7346-MEDWM,0,4911.75
1137-DGOWI,0,2107.5
5616-PRTNT,1,388.0
3812-LRZIR,0,661.5
4818-QIUFN,1,1583.0
9483-GCPWE,0,180.9
4227-OJHAL,0,4964.0
9220-CXRSC,0,4236.599999999999
4993-JCRGJ,0,2191.7999999999997
9537-JALFH,0,1373.1
6698-OXETB,0,224.39999999999998
2103-ZRXFN,0,50.75
3724-BSCVH,0,204.5
4877-TSOFF,0,4166.25
9209-NWPGU,0,2877.6000000000004
6961-VCPMC,1,3698.4
7306-YDSOI,0,4122.75
5288-AHOUP,0,863.5
6688-UZPWD,1,1122.0
0655-YDGFJ,0,1419.5500000000002
8468-EHYJA,0,5680.05
6823-SIDFQ,0,511.0
1097-FSPVW,0,2291.1
2839-RFSQE,1,41.3
8328-SKJNO,0,934.9499999999999
7010-ZMVBF,0,368.09999999999997
5201-CBWYG,0,1537.6000000000001
0968-GSIKN,1,70.8
1965-DDBWU,1,1424.8
9057-SIHCH,1,289.79999999999995
6352-GIGGQ,0,5949.599999999999
3635-QQRQD,0,1243.1000000000001
6771-XWBDM,1,5956.5
2897-DOVND,0,139.6
3082-YVEKW,0,1774.45
0191-EQUUH,0,876.2499999999999
7134-HBPBS,0,7783.2
3489-HHPFY,0,168.1
2926-JEJJC,0,161.6
8601-QACRS,1,253.0
4950-BDEUX,0,1722.0
5789-LDFXO,0,590.4000000000001
0508-OOLTO,0,143.3
2984-TBYKU,0,7552.8
9822-WMWVG,0,4366.5
2391-SOORI,1,197.4
9040-KZVWO,0,1963.0
2645-QTLMB,1,659.75
4806-HIPDW,1,68.95
1548-ARAGG,0,234.0
6339-RZCBJ,0,3787.2000000000003
4424-TKOPW,1,187.7
4415-WNGVR,0,950.4000000000001
2522-AHJXR,0,6567.0
0412-UCCNP,0,3256.0
1816-FLZDK,0,29.15
7096-UCLNH,0,20.05
8443-ZRDBZ,1,304.2
9136-ALYBR,1,24.45
4615-PIVVU,0,2793.0
8885-QSQBX,0,49.55
7479-NITWS,1,625.4499999999999
8617-ENBDS,0,220.79999999999998
9385-NXKDA,0,5950.8
0430-IHCDJ,0,735.0
2959-MJHIC,1,321.4
6674-KVJHG,0,277.2
1814-DKOLC,0,127.25
4201-JMNGR,1,55.8
9351-HXDMR,0,7984.8
3537-HPKQT,0,4276.25
2129-ALKBS,0,1048.0
5821-MMEIL,0,1134.3
5960-WPXQM,1,79.05
0684-AOSIH,1,95.0
8260-NGFNY,1,25.2
1309-XGFSN,0,4204.2
1866-RZZQS,1,4034.4
6968-URWQU,0,2423.05
4742-TXUEX,0,907.1
9631-XEYKE,0,151.2
8631-NBHFZ,1,5240.400000000001
1335-MXCSE,0,3038.75
8873-TMKGR,0,553.9000000000001
8800-JOOCF,0,1008.5999999999999
1469-LBJQJ,0,6943.2
4958-XCBDQ,1,3549.0
8337-UPOAQ,1,898.0
0064-YIJGF,0,2045.25
2386-OWURY,0,5527.4
1725-IQNIY,1,5926.5
0310-VQXAM,0,178.65
6598-RFFVI,1,38.6
3453-RTHJQ,0,414.59999999999997
6712-OAWRH,1,2372.5
6278-FEPBZ,0,182.25
4280-DLSHD,0,438.0
1508-DFXCU,0,977.4000000000001
8614-VGMMV,1,736.5
7868-BGSZA,0,3448.6
2800-QQUSO,0,4212.599999999999
2930-UOTMB,1,2022.75
7973-DZRKH,0,6002.7
5914-DVBWJ,1,1538.1000000000001
7698-YFGEZ,0,20.0
2533-QVMSK,1,5740.099999999999
9773-PEQBZ,0,798.5
8644-XLFBW,1,71.65
0650-BWOZN,0,1323.8999999999999
8625-AZYZY,1,2511.6000000000004
7785-RDVIG,0,57.900000000000006
9602-WCXPI,0,1007.4999999999999
2903-YYTBW,0,44.55
3620-MWJNE,0,108.9
8573-JGCZW,0,334.04999999999995
6837-HAEVO,0,7245.0
6701-YVNQG,0,6386.400000000001
9306-CPCBC,1,222.75
4304-XUMGI,0,3757.5000000000005
9504-YAZWB,0,1073.25
8819-ZBYNA,0,6327.799999999999
6174-NRBTZ,0,1414.5
9481-IEBZY,0,8128.8
1833-VGRUM,1,74.2
6137-NICCO,0,564.3
9065-ZCPQX,0,5677.2
6402-EJMWF,0,221.2
3620-EHIMZ,0,1006.2
3213-VVOLG,0,0.0
6870-ECSHE,0,40.9
8747-UDCOI,0,1257.75
8374-XGEJJ,1,4343.0
2656-TABEH,1,400.8
6946-LMSQS,1,2226.25
4626-OZDTJ,0,4011.15
9169-BSVIN,0,897.0
2325-ZUSFD,1,3995.7
8194-PEEBY,0,477.59999999999997
6872-HXFNF,0,3734.4
3932-CMDTD,1,422.6
7714-YXSMB,0,2613.0
8387-UGUSU,0,300.75
1080-BWSYE,0,1641.6
4039-HEUNW,1,3474.0
1194-HVAIF,0,2565.0
0812-WUPTB,1,70.85
3594-UVONA,1,3008.25
0004-TLHLJ,1,295.6
1767-TGTKO,0,363.6
8439-LTUGF,0,200.0
8805-JNRAZ,0,98.4
5089-IFSDP,1,6348.1
6418-HNFED,0,4245.75
0206-OYVOC,0,885.5
7291-CDTMJ,0,19.65
7128-GGCNO,0,3348.7999999999997
0237-YFUTL,0,5482.5
7691-KGKGP,0,3445.0
6710-HSJRD,0,6960.099999999999
3675-EQOZA,0,103.25
0840-DCNZE,0,4086.65
1732-FEKLD,0,5116.5
9862-KJTYK,0,481.65000000000003
0479-HMSWA,0,2741.7000000000003
5854-KSRBJ,0,1778.0
0365-BZUWY,0,1743.35
4817-VYYWS,1,3006.0
5701-SVCWR,0,24.0
3129-AAQOU,0,486.40000000000003
4922-CVPDX,0,1911.0
1396-QWFBJ,1,1555.05
1357-BIJKI,0,4912.5
1099-BTKWT,0,3699.2
5299-SJCZT,1,304.65
2018-PZKMU,0,927.9
7340-KEFQE,0,1744.2
4570-QHXHL,0,393.75
2403-BCASL,1,4589.95
7392-YYPYJ,0,2214.3
2898-LSJGD,1,1174.95
2223-GDSHL,0,8239.55
7359-PTSXY,1,45.75
9470-RTWDV,0,2132.0
2176-OSJUV,0,4625.650000000001
9348-YVOMK,0,179.2
8104-OSKWT,0,957.5999999999999
4521-YEEHE,0,1599.3
4090-KPJIP,0,224.85000000000002
3786-WOVKF,0,7693.2
4503-BDXBD,1,824.45
6086-ESGRL,1,80.15
2592-HODOV,0,250.9
3886-CERTZ,1,7866.0
7995-ZHHNZ,0,2356.2000000000003
3824-RHKVR,0,334.9
5816-SCGFC,0,359.09999999999997
5989-AXPUC,0,8064.799999999999
4979-HPRFL,0,1352.3999999999999
8590-OHDIW,0,771.4
8015-IHCGW,0,8316.0
2332-TODQS,0,1202.4
9278-VZKCD,0,5673.2
8008-OTEZX,0,687.75
2773-OVBPK,0,7457.099999999999
5999-LCXAO,0,29.9
5206-XZZQI,0,4271.799999999999
4803-LBYPN,0,707.2
5759-RCVCB,1,105.60000000000001
6372-RFVNS,1,78.8
2139-FQHLM,0,1709.05
8261-GWDBQ,0,6963.0
1093-YSWCA,0,215.05
8938-UMKPI,1,5000.8
0991-BRRFB,1,889.1999999999999
3882-IYOIJ,0,6915.0
8749-TZYEC,0,1785.6000000000001
1755-FZQEC,0,776.0999999999999
3115-JPJDD,0,4793.75
5600-KTXFM,0,139.9
3871-IKPYH,1,69.1
6319-IEJWJ,1,1804.0
9025-AOMKI,1,561.3
6339-TBELP,0,6134.400000000001
7964-YESJC,0,1591.1999999999998
6173-GOLSU,0,6341.55
5275-SQEIZ,1,80.85
7716-YTYHG,1,3938.3999999999996
9938-ZREHM,0,2667.7
7950-XWOVN,0,381.70000000000005
4390-KYULV,1,61.650000000000006
4647-MUZON,0,1727.1000000000001
9702-AIUJO,0,2240.0
8849-PRIQJ,0,7329.8
8851-RAGOV,0,1776.25
1304-NECVQ,1,157.1
5396-IZEPB,0,177.29999999999998
1729-VLAZJ,0,402.5
8285-ABVLB,0,1389.5
0701-TJSEF,0,614.25
5712-VBOXD,0,80.6
6629-LADHQ,0,101.9
8945-GRKHX,1,78.65
1559-DTODC,0,477.84999999999997
4797-MIWUM,0,141.75
6959-UWKHF,1,42.9
8720-RQSBJ,0,44.0
4537-CIBHB,0,182.25
3815-SLMEF,1,102.75
5154-VEKBL,1,526.5
4324-AHJKS,0,279.0
4355-CVPVS,0,4978.400000000001
4495-LHSSK,0,1037.7
5655-JSMZM,1,4713.8
5915-ANOEI,0,5540.5
9861-PDSZP,0,7779.599999999999
4505-EXZHB,1,446.40000000000003
7225-CBZPL,0,1611.6
6704-UTUKK,0,1331.1
4587-VVTOX,1,631.8
2019-HDCZY,0,6463.799999999999
4652-NNHNY,1,1181.6
8788-DOXSU,0,3619.65
7404-JLKQG,0,172.64999999999998
7421-ZLUPA,0,234.0
8972-HJWNV,1,591.85
3274-NSDWE,0,1332.8000000000002
2632-IVXVF,0,7599.0
3692-JHONH,0,5538.0
8915-NNTRC,0,7754.400000000001
5914-GXMDA,0,617.6
7463-IFMQU,0,1443.6000000000001
2920-RNCEZ,0,69.95
2541-YGPKE,0,2675.4
8515-OCTJS,1,618.75
5382-TEMLV,0,2290.5
3441-CGZJH,0,2597.2
9592-ERDKV,0,2932.25
2860-RANUS,1,1716.0
5261-QSHQM,1,97.8
4778-IZARL,0,6936.299999999999
0432-CAJZV,0,272.1
7008-LZVOZ,0,1669.8
8868-WOZGU,1,2959.6
1200-TUZHR,0,681.6
9365-CSLBQ,0,1728.8500000000001
1334-FJSVR,1,24.25
5884-FBCTL,0,1807.2
7130-CTCUS,0,872.8
6242-FEGFD,0,6375.599999999999
7625-XCQRH,1,841.5
6194-HBGQN,0,4138.650000000001
7634-WSWDB,0,308.0
6986-IXNDM,0,1300.6000000000001
1731-TVIUK,1,374.0
2987-BJXIK,0,5929.0
9769-TSBZE,0,4620.0
0406-BPDVR,1,5481.0
0618-XWMSS,1,2097.2000000000003
1395-WSWXR,0,498.0
6023-GSSXW,0,4240.05
6752-APNJL,0,2289.0
5276-KQWHG,1,139.2
0420-HLGXF,0,3890.25
7446-KQISO,0,4938.75
9823-EALYC,0,5821.2
0582-AVCLN,0,771.4
5803-NQJZO,0,4881.599999999999
2565-JSLRY,1,24.05
2607-DHDAK,0,1425.6000000000001
1073-XXCZD,0,1413.5
0743-HRVFF,0,2863.65
4006-HKYHO,0,5462.1
3727-JEZTU,0,20.4
8143-ETQTI,0,451.95
6689-KXGBO,1,50.55
9667-TKTVZ,0,108.7
3657-COGMW,0,5621.2
8570-KLJYJ,0,1960.2
7754-IXRMC,0,45.35
9473-CBZOP,0,1652.0
2969-WGHQO,0,486.15000000000003
6615-NGGZJ,1,1407.7
4334-HOWRP,0,4676.400000000001
4255-DDUOU,1,20.5
5863-OOKCL,0,188.5
1686-STUHN,0,831.6
1329-VHWNP,0,175.35
2984-MIIZL,1,299.2
0266-GMEAO,0,8229.6
5590-YRFJT,1,489.0
5574-NXZIU,0,6879.6
0019-GFNTW,0,2522.7999999999997
4256-ZWTZI,0,255.0
8309-PPCED,0,7952.400000000001
4098-NAUKP,0,5756.200000000001
5196-WPYOW,0,4023.35
4608-LCIMN,0,357.2
1485-YDHMM,0,4849.0
4054-CUMIA,0,364.5
0603-TPMIB,0,1501.55
2525-GVKQU,0,1236.0
8161-QYMTT,0,658.6999999999999
9581-GVBXT,0,2053.2
5862-BRIXZ,0,2794.5
5404-GGUKR,0,256.75
3308-JSGML,0,3778.95
2126-GSEGL,0,5936.0
3677-TNKIO,1,994.0
0440-QEXBZ,0,2206.6
2434-EEVDB,0,6054.4
6762-QVYJO,0,3465.5
6199-IWKGC,0,4611.5
2675-DHUTR,0,5736.200000000001
8152-VETUR,0,7034.400000000001
9667-EQRXU,1,1209.0
7446-YPODE,0,662.75
9522-BNTHX,0,1912.5
4676-WLUHT,0,2494.8
3329-WDIOK,1,151.8
7980-MHFLQ,0,1792.8
2873-ZLIWT,1,3394.0
3415-TAILE,1,131.4
0757-WCUUZ,0,3420.9
1629-DQQVB,0,701.4
1915-IOFGU,1,70.5
3045-XETSH,1,948.5
0374-AACSZ,0,50.15
7239-HZZCX,1,19.75
4872-VXRIL,0,3620.4000000000005
9140-CZQZZ,0,5412.799999999999
3423-HHXAO,0,273.0
9938-TKDGL,0,6769.4
0531-ZZJWQ,0,4070.0
6537-QLGEX,0,622.4
2688-BHGOG,0,715.9499999999999
7683-CBDKJ,1,916.3000000000001
0946-CLJTI,1,5724.6
3160-TYXLT,0,2453.8999999999996
1325-USMEC,0,6954.5
0916-QOFDP,0,1341.2
0628-CNQRM,1,1485.0
5606-AMZBO,0,781.5
6199-IPCAO,0,756.9000000000001
7665-TOALD,1,69.6
0112-QWPNC,1,4133.15
0324-BRPCJ,1,6813.6
2777-PHDEI,1,78.05
5640-CAXOA,0,1210.5
2235-EZAIK,0,5702.400000000001
3847-BAERP,0,209.0
1196-AMORA,1,515.1999999999999
4282-YMKNA,1,672.75
1453-RZFON,0,49.9
8263-OKETD,0,1378.0
0670-KDOMA,0,20.25
2476-YGEFM,0,2204.0
8687-BAFGU,0,74.0
0641-EVBOJ,0,246.89999999999998
0829-XXPLX,0,1788.0
9974-JFBHQ,0,6345.6
5356-RHIPP,1,20.2
6624-JDRDS,0,176.7
0608-JDVEC,0,990.0
9780-FKVVF,0,354.9
1919-RTPQD,0,313.25
5214-NLTIT,0,6537.599999999999
3345-PBBFH,0,396.4
5055-BRMNE,0,7148.900000000001
9189-JWSHV,1,2245.2
2190-PHBHR,0,6800.400000000001
2650-GYRYL,0,641.85
0746-JTRFU,1,50.1
5208-FVQKB,0,4756.5
7184-LRUUR,0,1435.5
6627-CFOSN,0,5867.55
3982-JGSFD,0,732.6
1574-DYCWE,0,1017.4499999999999
7247-XOZPB,0,4102.200000000001
2466-FCCPT,0,394.0
6211-WWLTF,0,6281.1
4826-TZEVA,0,2992.0
6016-NXBNJ,0,670.25
9138-EFSMO,0,2052.7000000000003
0576-WNXXC,1,2579.85
4632-XJMEX,0,3331.05
8910-LEDAG,0,2432.7
3452-GWUIN,0,1804.05
2716-GFZOR,0,3702.2999999999997
3724-UCSHY,0,117.30000000000001
8626-XHBIE,0,1388.8
4628-CTTLA,1,2240.1
3192-LNKRK,0,2857.7
4439-YRNVD,0,362.5
2876-VBBBL,1,20.25
6834-NXDCA,1,310.7
2208-UGTGR,0,5521.599999999999
3005-TYFRD,0,5700.75
8670-MEFCP,0,3344.4
3079-BCHLN,0,935.3
7777-UNYHB,0,241.20000000000002
5597-GLBUC,1,85.45
7278-CKDNC,0,1932.0
2748-MYRVK,1,6293.700000000001
8450-UYIBU,0,1394.75
2969-VAPYH,0,4053.5
4822-YCXMX,1,2120.0
7181-OQCUT,0,2180.85
8474-UMLNT,0,881.4
9821-POOTN,1,2632.0
3836-FZSDJ,0,1764.3500000000001
9142-XMYJH,0,561.1500000000001
6559-ILWKJ,1,3503.85
0187-QSXOE,0,623.0
7733-UDMTP,0,3135.0
2649-HWLYB,0,4949.75
5214-CHIWJ,0,548.1
4229-CZMLL,1,449.40000000000003
6904-JLBGY,0,8449.199999999999
2465-BLLEU,0,19.75
1685-VAYJF,0,497.20000000000005
8874-EJNSR,0,982.8
6917-YACBP,0,5295.25
5049-MUBWG,0,1950.0
4223-WOZCM,0,99.9
0769-MURVM,0,4730.400000000001
9253-VIFJQ,0,4358.25
7030-FZTFM,0,7984.8
9741-YLNTD,0,527.7
5917-RYRMG,0,633.6
5120-ZBLAI,0,3785.0
1194-BHJYC,0,3791.15
3663-MITLP,1,1518.75
0906-QVPMS,0,8290.800000000001
9025-ZRPVR,1,170.54999999999998
1905-OEILC,0,19.5
7858-GTZSP,0,1038.6
3285-UCQVC,1,1058.2
6248-BSHKG,0,1244.3999999999999
4685-TFLLS,0,356.40000000000003
3470-BTGQO,0,958.65
1209-VFFOC,0,3835.2
8224-DWCKX,0,879.5999999999999
5482-PLVPE,1,48.7
4553-DVPZG,0,6283.7
4902-OHLSK,1,2860.8500000000004
6917-IAYHD,0,33.6
0495-ZBNGW,1,399.5
8620-RJPZN,0,20.7
7572-KPVKK,0,6451.099999999999
2642-MAWLJ,0,729.0
2357-COQEK,1,2892.4
7103-ZGVNT,0,5085.3
3737-GCSPV,1,1058.2
2027-WKXMW,0,6851.25
7137-NAXML,0,463.45
2428-ZMCTB,0,197.5
2961-VNFKL,0,1842.45
1768-HNVGJ,0,3152.25
6963-KQYQB,0,1683.5
5934-RMPOV,0,1864.5
1207-BLKSA,0,1198.6000000000001
4088-YLDSU,1,5728.25
8316-BBQAY,0,3896.75
1166-PQLGG,0,1407.6000000000001
3146-JTQHR,0,196.0
4291-YZODP,0,140.35
4395-PZMSN,0,427.75
6427-FEFIG,0,1886.3999999999999
0017-IUDMW,0,8409.6
8706-HRADD,0,914.55
9955-QOPOY,0,4195.2
4385-ZKVNW,0,2415.6
5446-DKWYW,0,3977.2000000000003
2034-CGRHZ,1,2470.8
5797-APWZC,1,90.6
3683-QKIUE,1,304.79999999999995
4228-ZGYUW,1,360.2
9031-ZVQPT,0,7790.400000000001
2990-IAJSV,0,6624.0
8107-KNCIM,0,1051.3999999999999
9027-YFHQJ,0,175.35
5176-LDKUH,0,3607.2000000000003
4644-OBGFZ,0,1072.5
7926-IJOOU,0,19.3
6480-YAGIY,0,5049.0
4029-HPFVY,0,210.89999999999998
7602-DBTOU,0,1391.6000000000001
5345-BMKWB,0,162.0
3519-ZKXGG,1,227.54999999999998
5457-COLHT,0,5564.85
6416-TVAIH,1,68.5
5451-YHYPW,0,8334.0
5108-ADXWO,1,808.5
7998-WNZEM,0,5722.599999999999
3066-RRJIO,1,69.95
4664-NJCMS,0,1965.1499999999999
0307-BCOPK,0,304.8
7629-WFGLW,0,5356.400000000001
2542-HYGIQ,0,19.95
6715-OFDBP,1,350.25
5016-LIPDW,0,1105.8
6481-LXPWL,0,2021.6000000000001
1567-DSCIC,1,752.0
2150-UWTFY,1,1345.3
6124-ACRHJ,0,19.75
9362-MWODR,0,2564.0
9975-GPKZU,0,908.5
9625-RZFUK,0,1241.1
5153-LXKDT,0,7493.6
5161-UBZXI,0,7338.15
1020-JPQOW,0,5070.8
7919-ZODZZ,0,659.0
0565-JUPYD,0,6583.5
6867-ACCZI,0,1260.0
5939-XAIXZ,0,1065.9
9054-FOWNV,0,1952.5
2683-BPJSO,1,2449.05
2157-MXBJS,1,978.9
8207-VVMYB,0,1820.0
9732-EQMWY,0,4870.6
9360-AHGNL,1,4710.65
1087-UDSIH,1,58.800000000000004
5269-NRGDP,0,3072.3
6195-MELTI,0,3115.0499999999997
5485-WUYWF,1,132.8
2121-JAFOM,0,8319.6
8818-DOPVL,0,4804.7
2632-UCGVD,1,6603.3
5445-PZWGX,1,6324.0
1227-UDMZR,0,6562.8
5198-HQAEN,0,3139.5
9170-CCKOU,1,1533.4
2167-FQSTQ,0,6652.8
2819-GWENI,0,557.1999999999999
1043-YCUTE,1,1408.3999999999999
3814-MLAXC,1,2475.35
3572-UUHRS,0,848.2500000000001
2692-PFYTJ,0,25.75
1226-UDFZR,1,99.2
5955-EPOAZ,0,125.69999999999999
6821-JPCDC,0,4658.4
8815-LMFLX,0,635.0
9135-HSWOC,0,1260.8
8582-KRHPJ,0,1750.0
5811-IWXYM,0,5265.0
7044-YAACC,0,280.8
8189-XRIKE,0,2910.4
1506-YJTYT,0,3323.2499999999995
4123-DVHPH,0,792.4499999999999
6425-YQLLO,1,6992.7
5442-UTCVD,1,275.54999999999995
2228-BZDEE,0,1085.4
7734-DBOAI,1,40.1
2789-CZANW,0,7059.2
2091-RFFBA,1,2290.9
2114-MGINA,1,1257.2
7596-LDUXP,0,1021.8000000000001
3740-RLMVT,0,4083.65
4489-SNOJF,1,2528.75
2192-OZITF,0,3309.75
5651-CPDND,0,460.0
2186-QZEYA,0,1697.9499999999998
1131-ALZWV,0,590.4000000000001
7729-XBTWX,0,1303.5
9134-WYRVP,0,4403.849999999999
3284-SVCRO,0,1147.5
9732-OUYRN,0,931.0
0559-CKHUS,0,566.95
2931-SVLTV,0,4404.0
6899-PPEEA,1,3572.35
7504-UWHNB,0,1743.75
2582-FFFZR,0,1113.2
8908-NMQTX,0,4723.2
2187-LZGPL,1,280.7
1431-AIDJQ,0,2709.2999999999997
6288-LBEAR,0,1819.3
4597-NUCQV,1,2430.0
9019-QVLZD,1,79.55
8413-YNHNV,0,6254.85
5808-TOTXO,0,61.650000000000006
4369-NYSCF,0,4242.0
6333-YDVLT,0,7150.0
5324-KTGCG,0,1480.3500000000001
5599-HVLTW,0,1124.8999999999999
7394-LWLYN,0,140.3
3707-LRWZD,1,2689.6
6873-UDNLD,0,2698.0
2700-LUEVA,0,20.75
1455-ESIQH,1,89.1
0958-YHXGP,0,489.30000000000007
1101-SSWAG,0,766.5
2979-SXESE,1,1604.8000000000002
4013-TLDHQ,1,1486.75
5743-KHMNA,0,1814.05
4194-FJARJ,0,3240.0
5325-UWTWJ,0,2807.0499999999997
3969-GYXEL,0,840.4000000000001
9208-OLGAQ,0,1529.1000000000001
3244-CQPHU,0,7927.2
2674-MLXMN,0,7075.150000000001
9708-HPXWZ,0,227.0
6992-TKNYO,0,2622.0
4468-YDOVK,0,243.25
3754-DXMRT,1,88.3
5792-JALQC,0,3112.2000000000003
7130-VTEWQ,1,606.0
2200-DSAAL,0,5484.200000000001
4302-ZYFEL,0,1417.95
9351-LZYGF,0,2788.8
4366-CTOUZ,0,5010.0
6121-VZNQB,1,19.1
7903-CMPEY,1,80.3
1518-OMDIK,0,1470.1499999999999
6671-NGWON,0,142.45000000000002
0595-ITUDF,0,5875.2
6996-KNSML,1,74.9
1955-IBMMB,0,1191.8
0096-BXERS,0,302.1
3806-YAZOV,0,56.400000000000006
7998-ZLXWN,0,306.75
6253-WRFHY,0,841.75
9133-AYJZG,0,2270.1
2675-OTVVJ,0,2772.9500000000003
8680-CGLTP,0,1703.75
8430-TWCBX,0,1014.3
5018-GWURO,0,4793.599999999999
6741-QRLUP,0,5058.9
4737-HOBAX,0,5027.4
0537-QYZZN,0,1916.3999999999999
3340-QBBFM,0,1947.6000000000001
1704-NRWYE,1,727.65
2592-SEIFQ,1,74.25
8200-KLNYW,0,1698.9
3372-CDXFJ,0,318.5
4781-ZXYGU,0,20.15
7632-YUTXB,0,501.25
2718-YSKCS,0,1391.6000000000001
9896-UYMIE,0,7543.8
0853-NWIFK,0,4513.5
8212-CRQXP,0,1760.0
6980-CDGFC,0,1396.95
7691-XVTZH,0,6116.6
2520-SGTTA,0,0.0
7481-ATQQS,1,4451.65
2277-VWCNI,0,195.0
1088-CNNKB,0,5040.0
8642-GVWRF,1,159.4
1930-BZLHI,0,427.35
3400-ESFUW,1,3165.25
5868-YTYKS,0,20.25
3525-DVKFN,0,329.79999999999995
1482-OXZSY,0,3012.0
0377-JBKKT,0,1274.9
5778-BVOFB,0,535.5
3373-YZZYM,0,19.2
2057-ZBLPD,1,1816.5
0228-MAUWC,0,1131.45
5502-RLUYV,1,7172.55
0023-HGHWL,1,25.1
7663-YJHSN,0,7484.400000000001
4915-BFSXL,0,4826.5
3086-RUCRN,0,6804.599999999999
5215-LNLDJ,0,172.9
7576-JMYWV,0,5069.2
9039-RBEEE,1,1909.0500000000002
0257-KXZGU,0,1998.4
1307-ATKGB,0,2149.2
8417-FMLZI,1,501.29999999999995
3714-XPXBW,0,2919.3
1850-AKQEP,0,162.8
2824-DXNKN,0,5144.400000000001
5227-JSCFE,0,3290.85
0848-ZGQIJ,0,1514.4
3621-CHYVB,0,2844.2999999999997
8042-RNLKO,0,1679.7
1792-UXAFY,1,1515.5500000000002
5372-FBKBN,0,435.75
0420-TXVSG,0,4362.599999999999
6217-TOWGS,0,1281.8000000000002
0515-YPMCW,1,70.45
0378-XSZPU,1,3497.3999999999996
1045-LTCYT,0,168.4
1544-JJMYL,0,1872.4499999999998
4636-JGAAI,0,3020.8999999999996
6874-SGLHU,0,2910.0
5951-AOFIH,0,2191.2000000000003
4729-XKASR,1,24.75
3059-NGMXB,0,968.8000000000001
8652-YHIYU,0,1272.0
5278-PNYOX,0,4931.85
5449-FIBXJ,1,1962.7
3486-HOOGQ,0,5579.0
5061-PBXFW,0,1964.8
8630-FJLIB,0,1256.3999999999999
3891-NLXJB,0,1500.35
4749-OJKQU,0,302.6
0577-WHMEV,0,1451.2
5453-AXEPF,0,1368.5
3639-XJHKQ,0,1151.4
3716-LRGXK,0,6069.0
2263-SFSQZ,0,1272.45
9950-MTGYX,0,568.4
3397-AVTKU,0,2580.0
4825-FUREZ,0,850.5
9837-BMCLM,1,235.5
2672-OJQZP,0,44.75
0137-UDEUO,1,59.550000000000004
3134-DSHVC,0,6174.0
6161-UUUTA,1,239.70000000000002
7821-DPRQE,0,7323.6
6543-XRMYR,1,2991.0
2001-EWBQU,0,6282.0
4925-LMHOK,1,879.0
1608-GMEWB,0,4225.5
6695-AMZUF,0,6051.5
1455-UGQVH,1,985.0
8410-BGQXN,0,77.6
8280-MQRQN,1,50.45
1619-YWUBB,0,1696.6
7611-YKYTC,0,1650.0
2037-SGXHH,1,3596.7000000000003
3178-FESZO,1,100.25
0365-GXEZS,0,1407.6000000000001
0082-OQIQY,0,2731.8
6087-MVHJH,1,1415.2
4603-JANFB,1,69.85
3018-TFTSU,1,980.4000000000001
3606-SBKRY,0,1551.55
4806-KEXQR,1,319.6
0667-NSRGI,0,3338.3999999999996
7083-YNSKY,1,381.0
6893-ODYYE,0,4505.0
8242-JSVBO,0,312.55
2479-BRAMR,1,3433.75
9541-ZPSEA,0,5463.799999999999
2665-NPTGL,0,2550.6
1139-WUOAH,0,3040.9500000000003
4693-VWVBO,0,58.650000000000006
7434-SHXLS,1,20.9
6937-GCDGQ,0,930.0500000000001
0988-JRWWP,0,162.60000000000002
5075-JSDKI,0,1442.55
7908-QCBCA,1,69.4
8644-XYTSV,0,1686.3
6711-FLDFB,1,524.3000000000001
3873-WOSBC,0,1715.2
7465-ZZRVX,0,70.35
7975-JMZNT,0,6052.2
7251-XFOIL,0,5441.2
4116-IQRFR,0,96.4
3714-JTVOV,1,3114.3
8259-DZLIZ,0,3446.4
0442-ZXKVS,0,6242.4
7853-WNZSY,0,19.75
3120-FAZKD,0,1298.7
8606-OEGQZ,0,455.40000000000003
0225-ZORZP,0,252.89999999999998
4702-IOQDC,1,70.1
9489-JMTTN,0,6462.0
0575-CUQOV,0,5877.0
0967-BMLBD,0,220.0
6178-KFNHS,1,939.5999999999999
2830-LEWOA,0,6337.900000000001
5006-MXVRN,0,807.3
1264-BYWMS,1,5324.0
9658-WYUFB,1,1604.8000000000002
8327-WKMIE,0,745.55
6917-FIJHC,0,1872.0
5329-KRDTM,0,5569.2
7797-EJMDP,0,528.4
3530-VWVGU,0,437.79999999999995
2013-SGDXK,1,84.3
6368-NWMCE,0,2589.7000000000003
3633-CDBUW,0,1374.4499999999998
0707-HOVVN,0,5285.0
8580-QVLOC,1,6656.400000000001
3956-MGXOG,0,2256.7999999999997
9274-UARKJ,0,1248.0
4077-HWUYD,0,6303.599999999999
2012-NWRPA,1,1095.05
8808-ELEHO,1,650.0
0103-CSITQ,0,6235.8
3506-LCJDC,1,19.95
8671-KKKOS,0,2095.2999999999997
7305-ZWMAJ,0,621.0
9518-XXBXE,0,753.0
3934-HXCFZ,1,2282.75
6578-KRMAW,0,2988.8
4860-IJUDE,0,958.75
7666-WKRON,1,3137.55
9688-YGXVR,0,3878.6000000000004
0423-UDIJQ,0,442.8
1945-XISKS,0,1316.55
4910-AQFFX,1,714.15
2154-KVJFF,1,1196.25
5360-LJCNJ,0,7465.650000000001
2607-FBDFF,0,49.0
9647-ERGBE,1,3001.5
3428-XZMAZ,1,69.35
1100-DDVRV,0,846.5999999999999
0378-TOVMS,1,257.4
4355-HBJHH,1,5339.900000000001
6728-WYQBC,0,20.95
9058-CBREO,1,50.55
9029-FEGVJ,0,2537.6
7216-KAOID,0,799.5
0318-QUUOB,1,80.55
6145-NNPNO,0,44.15
5520-FVEWJ,1,1014.0
5339-TJFEK,0,6541.0
5572-ZDXHY,1,1854.6
2074-GUHPQ,0,1575.9
4625-XMOYM,0,1890.0
5827-MWCZK,0,5429.2
1385-TQOZW,0,184.04999999999998
5914-XRFQB,0,8337.6
4329-YPDDQ,0,2164.0
4804-NCPET,0,383.8
3750-CKVKH,1,135.5
5944-UGLLK,0,2909.7
8063-GBATB,1,2301.75
7787-BNTZM,0,120.89999999999999
2252-ISRNH,0,813.15
9415-TPKRV,0,446.0
5322-TEUJK,0,8136.599999999999
4547-KQRTM,1,800.5
4877-EVATK,1,20.0
1866-DIOQZ,0,4742.8
8375-KVTHK,0,6820.4
2697-NQBPF,0,3581.8999999999996
3709-OIJEA,0,2215.2000000000003
7639-SUPCW,1,1073.6
1386-ZIKUV,0,132.65
0599-XNYDO,0,1396.0
6377-WHAOX,0,6369.0
6855-VLGOS,0,1479.6000000000001
8999-XXGNS,0,7614.0
8746-OQQRW,0,101.0
3181-MIZBN,0,316.0
0471-ARVMX,0,6500.7
7766-CLTIC,0,609.5
5650-YLIBA,0,2515.65
0825-CPPQH,0,1356.1000000000001
9084-OAYKL,0,1206.4
6122-LJADA,0,6310.5
2400-XIWIO,0,6397.099999999999
7524-VRLPL,0,5112.9
1069-XAIEM,1,85.05
7569-NMZYQ,0,8550.0
5201-USSQZ,0,2233.4
2105-PHWON,0,3135.0
1494-EJZDW,0,201.5
4884-TVUQF,0,5774.099999999999
8003-EWNDZ,0,212.0
1897-RCFUM,0,943.8
9256-JTBNZ,0,223.3
4658-HCOHW,1,2158.7999999999997
2211-RMNHO,0,5800.4
2432-TFSMK,0,1612.8
3440-JPSCL,1,599.7
4929-ROART,0,1012.5
1834-ABKHQ,0,2649.4
1741-WTPON,0,6487.599999999999
3932-IJWDZ,0,4664.25
1240-HCBOH,0,1748.7
3594-KADLU,0,105.30000000000001
8065-BVEPF,0,6441.5
3796-ENZGF,0,4236.75
1734-ZMNTZ,0,275.0
2853-CWQFQ,0,59.55
0813-TAXXS,0,4279.0
2519-TWKFS,0,1377.5
2889-FPWRM,1,8481.6
0626-QXNGV,0,1738.8
6723-CEGQI,0,2941.25
6987-XQSJT,1,4293.0
4732-RRJZC,0,141.75
9499-XPZXM,0,4662.0
4338-EYCER,0,1146.6000000000001
3007-FDPEA,0,41.4
6350-XFYGW,0,379.0
4290-BSXUX,1,238.95000000000002
8513-OLYGY,0,8337.6
0311-QYWSS,0,296.70000000000005
8705-DWKTI,0,4357.599999999999
8755-IWJHN,0,6579.15
0325-XBFAC,1,757.6
4480-QQRHC,0,592.4
0929-PECLO,0,5644.799999999999
3680-CTHUH,0,6996.0
1202-KKGFU,0,650.4000000000001
6112-KTHFQ,0,250.9
1852-XEMDW,0,1431.1
2462-XIIJB,1,462.5
4760-XOHVN,1,19.45
1820-DJFPH,0,1731.6000000000001
9426-SXNHE,0,37.5
9068-FHQHD,0,806.0
1269-FOYWN,0,880.0
9470-YFUYI,0,5041.0
7817-BOQPW,1,151.1
7402-EYFXX,0,2433.6
1853-UDXBW,1,70.0
9895-VFOXH,0,24.4
5458-CQJTA,1,4862.0
1230-QAJDW,0,195.75
5701-ZIKJE,0,657.15
5219-YIPTK,1,3445.2000000000003
5032-MIYKT,0,70.7
7396-VJUZB,0,181.0
9717-QEBGU,0,140.6
5172-RKOCB,0,7844.400000000001
6509-TSGWN,0,978.65
3540-RZJYU,1,1293.0
3178-CIFOT,0,451.95
2091-MJTFX,1,1536.0
4530-NDRKU,0,800.1
5985-TBABQ,0,2392.0
9800-ONTFE,0,1667.6
6743-HHQPF,0,1054.2
8455-HIRAQ,0,355.6
6616-AALSR,0,6779.5
0883-EIBTI,1,39.0
9415-ZNBSX,0,6230.0
4018-KJYUY,0,443.29999999999995
0722-TROQR,1,299.6
7571-YXDAD,1,149.8
3884-UEBXB,0,2422.0499999999997
8780-RSYYU,0,480.0
5537-UXXVS,0,385.0
1791-PQHBB,0,122.4
8701-DGLVH,0,1042.95
8741-LQOBK,0,1612.3
3393-FMZPV,1,2506.25
8082-GHXOP,0,572.0
6402-ZFPPI,1,2570.0
0980-FEXWF,0,1309.1000000000001
7486-KSRVI,1,4300.0
3011-WQKSZ,0,380.0
8443-WVPSS,1,998.5
3006-XIMLN,1,188.4
8218-FFJDS,0,6220.8
1986-PHGZF,0,1051.2
9965-YOKZB,1,754.65
0504-HHAPI,1,2384.1
9360-OMDZZ,0,2258.3999999999996
6305-YLBMM,1,7179.45
0345-XMMUG,0,5009.400000000001
8024-XNAFQ,0,7732.8
3647-GMGDH,1,2083.4
2988-GBIVW,0,6359.5
2832-SCUCO,0,39.8
7036-ZZKBD,0,2058.4
3791-LGQCY,1,5636.400000000001
0265-PSUAE,0,1611.2
0463-TXOAK,0,1331.2
0594-UFTUL,0,258.05
9509-MPYOD,0,726.25
9128-CPXKI,0,5652.2
0129-KPTWJ,0,6814.8
8166-ZZTFS,1,5316.3
5855-EIBDE,0,5225.85
5365-LLFYV,0,91.7
5956-YHHRX,0,2191.35
6008-NAIXK,0,2994.3
2956-GGUCQ,1,1892.3999999999999
1928-BXYIV,0,61.15
5760-FXFVO,0,473.70000000000005
6595-COKXZ,1,44.45
0961-ZWLVI,0,5350.8
5181-OABFK,0,3432.7999999999997
4007-NHVHI,0,5423.599999999999
7816-VGHTO,0,243.29999999999998
5871-DGTXZ,0,633.6
7550-WIQVA,0,5412.5
7544-ZVIKX,0,6092.9
0016-QLJIS,0,5879.25
7508-DQAKK,0,5529.6
5176-OLSKT,0,4415.400000000001
9356-AXGMP,0,4206.6
3556-BVQGL,0,400.0
0362-ZBZWJ,1,3056.4
8979-CAMGB,0,6534.4
4211-MMAZN,1,20.25
7581-EBBOU,0,4209.0
4274-OWWYO,1,74.35
5073-RZGBK,0,4002.5
1541-ETJZO,1,62.05
2192-CKRLV,0,3542.4
3154-HMWUU,0,1230.0
6119-SPUDB,0,1759.5
6522-OIQSX,0,3791.55
7813-ZGGAW,0,2994.6
8748-HFWBO,0,378.09999999999997
1052-QJIBV,0,1412.8999999999999
1319-YLZJG,0,1015.1999999999999
4106-HADHQ,1,3120.0
0723-FDLAY,0,3751.0
3050-RLLXC,0,4550.0
9298-WGMRW,0,8316.0
2369-UAPKZ,1,520.5
3088-LHEFH,0,869.0
2778-OCLGR,1,938.4000000000001
6583-KQJLK,0,1419.75
8544-JNBOX,0,1497.6000000000001
6681-ZSEXG,0,3332.0
6139-ZZRBQ,0,1283.2
6116-RFVHN,0,3415.3
0637-KVDLV,1,153.0
8884-FEEWR,0,721.0
3125-RAHBV,0,446.6
6633-MPWBS,1,246.0
0373-AIVNJ,0,355.95
8785-EPNCG,1,254.64999999999998
1682-VCOIO,0,470.34999999999997
5729-KLZAR,1,323.4
2072-ZVJJX,0,1717.0
8849-AYPTR,0,3011.25
9518-IMLHK,0,2245.9500000000003
1582-RAFML,1,60.1
3646-ITDGM,0,1103.2
8740-CRYFY,1,78.95
3569-VLDHH,0,4956.599999999999
8224-KDLKN,0,1800.0
7594-LZNWR,0,2351.1000000000004
4001-TSBTV,0,5309.9
2962-XPMCQ,1,90.3
8727-XDPUD,0,1324.6
1043-UXOVO,0,8033.650000000001
1064-FBXNK,0,19.85
3996-ZNWYK,0,1405.8
2878-DHMIN,0,696.5
7762-ONLJY,0,118.19999999999999
1678-FYZOW,1,238.20000000000002
5795-BKOYE,0,4077.9
8627-EHGIP,1,2373.8
7402-PWYJJ,0,4830.950000000001
5480-TBGPH,1,2383.2
0018-NYROU,0,344.75
7501-VTYLJ,0,103.1
7608-RGIRO,0,1512.8
0480-BIXDE,0,1839.2
5895-QSXOD,0,630.4499999999999
9814-AOUDH,0,1033.5
6175-IRFIT,0,393.75
8760-ZRHKE,0,4913.2
1622-HSHSF,0,19.55
8854-CCVSQ,1,1451.7
6749-UTDVX,0,7462.8
5542-DHSXL,0,218.8
9102-OXKFY,0,3194.85
0511-JTEOY,1,71.1
5216-WASFJ,0,2630.35
7808-DVWEP,0,60.0
7067-KSAZT,1,6906.25
2284-VFLKH,0,4863.25
0366-NQSHS,0,38.7
6532-YLWSI,1,1102.4
3807-BPOMJ,0,5211.25
3892-NXAZG,0,8211.6
4948-WBBKL,0,2696.4
4182-BGSIQ,0,198.0
9300-AGZNL,1,94.0
0988-AADSA,0,5821.2
9972-NKTFD,0,1530.2
3717-LNXKW,0,3484.6
5734-EJKXG,0,7234.599999999999
2207-RYYRL,0,1276.6000000000001
6729-FZWSY,0,1303.1499999999999
9695-IDRZR,0,3949.1000000000004
8144-DGHXP,0,4352.4
7814-LEEVE,0,20.3
1112-CUNAO,1,1347.75
5175-AOBHI,1,184.0
5174-RNGBH,1,596.25
8631-WUXGY,0,4590.8
7270-BDIOA,1,1980.0
9565-JSNFM,1,2677.1
5906-DVAPM,0,4125.0
6654-QGBZZ,0,19.9
8348-JLBUG,0,5139.2
0607-DAAHE,1,1046.75
5641-DMBFJ,0,4889.4
9200-NLNPD,0,3026.7999999999997
2664-XJZNO,0,7552.8
9732-KPKBW,1,53.95
3339-EAQNV,0,7002.0
0921-OHLVP,0,1827.1
3389-YGYAI,1,844.0
9560-ARGQJ,1,1296.0
8350-NYMVI,0,1602.9
1600-DILPE,0,540.0
0536-ESJEP,0,4025.7
4654-GGUII,0,723.6
6478-HRRCZ,0,2256.0
8510-BBWMU,0,809.75
6857-TKDJV,0,1651.55
2360-RDGRO,0,6776.25
0584-BJQGZ,0,1958.7499999999998
5134-IKDAY,1,69.8
1360-XFJMR,0,7349.900000000001
3070-DVEYC,1,516.25
5730-RIITO,0,1438.3500000000001
9058-MJLZC,0,2270.3999999999996
5707-ORNDZ,1,490.95
0902-XKXPN,0,1393.8
5177-RVZNU,0,751.1
0056-EPFBG,0,788.0
8993-IZEUX,0,484.05000000000007
8696-JKZNU,1,2821.25
5380-AFSSK,1,469.5
8190-ZTQFB,0,2105.35
0931-MHTEM,0,5402.7
2055-PDADH,1,211.20000000000002
7515-LODFU,0,1400.7
0440-UEDAI,0,5005.85
1337-BOZWO,0,835.1999999999999
0868-VJRDR,0,6659.2
8714-EUHJO,1,2825.65
6344-SFJVH,0,498.0
3950-VPYJB,0,3397.2000000000003
8041-TMEID,0,6835.5
7321-ZNSLA,0,527.15
6941-KXRRV,0,2829.6000000000004
3721-CNEYS,1,141.9
8727-JQFHV,0,1182.75
9475-NNDGC,0,8033.650000000001
1355-KUSBG,0,341.59999999999997
3688-FTHLT,0,1008.8
0899-LIIBW,0,3428.8999999999996
2568-OIADY,1,3681.5
1384-RCUXW,0,1288.8
5825-XJOCM,0,3091.2000000000003
6848-YLDFR,0,4361.6
8125-QPFJD,0,6112.8
2320-YKQBO,0,135.1
1193-RTSLK,1,3188.2000000000003
2302-ANTDP,1,5637.6
5923-GXUOC,1,1044.0
4973-RLZVI,0,2239.5
7869-ZYDST,0,1830.55
4501-UYKBC,0,3178.6
1215-EXRMO,0,1027.5
2305-MRGLV,0,2143.4
8404-VIOMB,0,4125.0
5233-GEEAX,1,235.2
2359-KLTEK,0,3890.9
5304-EFJLP,0,8038.8
2673-ZALNP,0,139.29999999999998
9184-GALIL,0,777.1
4393-RYCRE,0,4666.2
9746-MDMBK,0,5332.150000000001
3162-ZJZFU,0,4905.15
8404-GFGCZ,0,262.4
8875-AKBYH,0,1687.0
4432-ADRLB,1,89.3
0533-UCAAU,0,4052.7
1394-SUIUH,0,3746.6000000000004
3521-MNKLV,0,1192.8000000000002
2533-TIBIX,0,453.0
8993-PHFWD,1,75.75
1565-RHDJD,1,336.2
7137-RYLPP,1,3170.9
3765-JXVKY,1,74.7
5092-STPKP,0,1352.4
7330-WZLNC,1,454.0
0114-PEGZZ,0,3549.15
3359-DSRKA,0,1151.3000000000002
8639-NHQEI,0,6904.8
7161-DFHUF,0,1693.3500000000001
3957-LXOLK,1,2972.2000000000003
3720-DBRWL,0,4276.349999999999
6635-MYYYZ,1,2560.5
8565-WUXZU,0,6105.599999999999
5281-BUZGT,1,3270.6
4994-OBRSZ,0,1065.3999999999999
0562-FGDCR,0,5367.599999999999
2436-QBZFP,0,862.4000000000001
3420-YJLQT,0,159.1
6040-CGACY,0,294.0
6582-PLFUU,0,997.0500000000001
8242-PDSGJ,0,2740.5
0264-CNITK,0,1427.1000000000001
0089-IIQKO,0,3898.05
7839-NUIAA,0,3647.7999999999997
6075-QMNRR,0,2587.0
5378-IKEEG,1,35.75
5966-EMAZU,0,6944.0
0440-EKDCF,0,3729.2999999999997
4774-HHGGS,0,571.5
2718-GAXQD,1,184.0
2055-BFOCC,0,5292.0
8180-AKMJV,0,44.55
4298-OYIFC,0,1551.75
5566-SOEZD,0,2177.55
9842-EFSYY,0,228.8
2272-WUSPA,0,7974.0
4584-LBNMK,0,1111.5
3898-GUYTS,0,4367.25
0930-EHUZA,0,2748.6
6413-XKKPU,1,1519.8000000000002
9975-SKRNR,0,18.9
3703-KBKZP,0,1191.2
1449-XQEMT,1,59.400000000000006
2626-URJFX,1,203.6
4973-MGTON,0,5992.400000000001
3682-YEUWS,0,244.0
1223-UNPKS,0,401.0
2612-RRIDN,1,324.0
4735-ASGMA,1,2557.1
3446-QDSZF,0,222.0
3669-LVWZB,1,255.0
6892-EZDTG,1,366.6
5117-IFGPS,0,2444.7
7379-FNIUJ,0,200.4
1627-AFWVJ,0,562.5999999999999
9725-SCPZG,1,90.85
5884-GCYMI,1,69.4
3217-FZDMN,1,755.6
4486-EFAEB,0,265.2
0060-FUALY,0,5590.25
7853-GVUDZ,1,20.15
7480-QNVZJ,1,4785.0
6954-OOYZZ,0,798.3000000000001
7088-FBAWU,0,1267.35
8313-AFGBW,0,3459.2
3943-KDREE,1,1948.7
9239-ZBZZV,1,287.70000000000005
3097-IDVPU,0,951.9
4398-HSCJH,1,190.8
2197-OMWGI,0,3604.0
2303-PJYHN,0,39.7
9795-VOWON,0,170.45000000000002
1237-WIYYZ,0,351.90000000000003
1987-AUELQ,0,1778.55
7852-LECYP,0,1219.3999999999999
4430-UZIPO,1,110.55000000000001
4822-LPTYJ,0,7470.0
8165-CBKXO,0,3745.5
6527-PZFPV,0,499.20000000000005
4855-SNKMY,1,44.1
9593-CVZKR,0,1369.2
8595-SIZNC,0,563.2
8008-HAWED,1,710.5
7124-UGSUR,1,6368.400000000001
1862-SKORY,1,1572.0
5236-XMZJY,0,2505.2999999999997
4827-DPADN,0,5997.599999999999
2694-CIUMO,0,954.5999999999999
5846-ABOBJ,0,1735.95
1439-LCGVL,0,499.2
0909-SDHNU,0,208.6
4647-XXZAM,0,273.0
1502-XFCVR,1,6174.1
7740-KKCXF,0,1532.55
5360-XGYAZ,0,4726.8
9692-TUSXH,1,1728.8999999999999
7912-SYRQT,1,525.6999999999999
3557-HTYWR,0,3480.35
4816-JBHOV,1,89.4
8920-NAVAY,0,6866.5
1699-TLDLZ,0,315.2
5600-PDUJF,0,297.0
8292-TYSPY,1,1045.0
0567-XRHCU,0,3032.55
1867-BDVFH,1,817.8499999999999
2067-QYTCF,0,7113.6
2359-QWQUL,1,4083.3
9103-TCIHJ,1,835.5
7407-SUJIZ,0,515.0
9150-KPBJQ,0,117.89999999999999
0052-DCKON,0,7642.8
3654-ARMGP,0,5407.650000000001
9699-UBQFS,0,4063.5
9367-TCUYN,0,241.20000000000002
1261-FWTTE,0,796.9499999999999
3528-HFRIQ,0,3713.2999999999997
0708-SJDIS,0,2210.0
4140-WJAWW,1,99.25
2073-QBVBI,0,1453.45
6928-ONTRW,0,1418.3999999999999
3320-VEOYC,0,1338.3999999999999
5231-FIQPA,0,813.85
6617-WLBQC,0,1882.55
2599-CIPQE,0,7760.3
6653-CBBOM,1,70.3
8774-GSBUN,0,1828.8
7326-RIGQZ,0,418.79999999999995
1401-FTHFQ,0,460.0
3247-ZVOUO,1,855.5
0254-FNMCI,0,7912.8
1848-LBZHY,0,352.09999999999997
6101-IMRMM,1,567.0
8118-TJAFG,0,913.5
5429-LWCMV,0,1069.8000000000002
7298-IZWLY,0,19.4
9758-MFWGD,0,1435.1999999999998
3955-JBZZM,0,1576.0
1268-ASBGA,1,1365.6
8943-URTMR,1,159.3
4815-TUMEQ,0,193.0
4713-LZDRV,1,159.2
9909-IDLEK,0,1936.0
4092-OFQZS,0,413.0
1561-BWHIN,0,376.2
4325-NFSKC,1,1721.3999999999999
9927-DSWDF,0,2301.2
9500-LTVBP,0,2801.75
7252-NTGSS,0,45.15
8149-AIQCG,0,2852.8500000000004
1360-JYXKQ,0,5351.4
2955-PSXOE,1,20.2
7762-URZQH,1,6999.3
0899-WZRSD,0,5899.599999999999
3255-GRXMG,0,821.6999999999999
4828-FAZPK,0,1279.2
6094-ZIVKX,0,3702.6000000000004
6925-BAYGL,0,1330.3000000000002
3262-EIDHV,0,6098.400000000001
7354-OIJLX,0,682.65
1376-HHBDV,0,1464.0
6907-NZZIJ,1,3569.4
6133-OZILE,0,633.6
4135-FRWKJ,0,4193.75
2911-UREFD,1,2180.1
3744-ZRRDZ,1,1729.35
5673-TIYIB,1,80.8
6551-ZCOTS,0,821.6999999999999
7191-ADRGF,0,2389.2
5018-LXQQG,0,1989.0
6892-BOGQE,0,1483.8999999999999
1602-IJQQE,1,301.4
4628-WQCQQ,1,2980.25
1746-TGTWV,0,75.35
5995-SNNEW,0,2402.35
8050-WYBND,0,1087.9
2821-WARNZ,0,953.05
4879-GZLFH,0,3870.3
1644-IRKSF,1,3095.4
8314-HTWVE,0,138.95000000000002
9402-ROUMJ,0,6716.75
2507-QZPQS,0,1435.5
7159-NOKYQ,0,6241.05
5707-ZMDJP,0,3694.1000000000004
8779-YIQQA,0,415.8
7136-IHZJA,0,2854.0
8966-OIQHG,0,456.5
7074-STDCN,0,1583.4
3705-PSNGL,1,917.9999999999999
8739-QOTTN,0,40.7
1399-OUPJN,0,1125.75
0277-BKSQP,0,435.2
6502-HCJTI,1,662.9
2606-RMDHZ,1,183.0
5774-XZTQC,0,143.15
2676-SSLTO,0,3241.3500000000004
6266-QHOJZ,0,5840.25
7269-JISCY,0,2477.75
0363-SVHYR,0,6166.349999999999
8547-NSBBO,0,3386.25
8258-GSTJK,1,231.0
6861-OKBCE,1,221.10000000000002
9940-RHLFB,1,75.3
6591-QGOYB,0,1813.0500000000002
9070-BCKQP,0,7930.8
6421-SZVEM,0,2319.7999999999997
1328-EUZHC,0,361.8
2995-UPRYS,1,3968.0
8878-RYUKI,0,3091.4
9633-DENPU,0,2754.2000000000003
7811-JIVPF,0,1143.1000000000001
7113-HIPFI,0,4346.099999999999
8541-QVFKM,0,588.0
6686-YPGHK,1,4018.5
1383-EZRWL,1,140.35
9258-CNWAC,0,8069.150000000001
5371-VYLSX,0,4170.0
6374-AFWOX,0,3019.9
4759-TRPLW,1,70.4
5317-FLPJF,0,4049.1
7621-VPNET,0,3607.8
6034-YMTOB,0,378.25
8563-IIOXK,1,348.25
4903-CNOZC,0,2056.1000000000004
4353-HYOJD,0,1345.95
8020-BWHYL,1,1129.5
7267-FRMJW,0,502.50000000000006
2982-VPSGI,1,1034.0
4188-FRABG,0,5873.849999999999
8199-ZLLSA,1,7929.45
4128-ETESU,0,4685.900000000001
0620-DLSLK,0,1064.7
4625-EWPTF,1,243.6
5980-NOPLP,1,4228.4
3850-OKINF,0,4700.2
6892-XPFPU,1,2502.0
8010-EZLOU,1,1203.0
1156-ZFYDO,0,19.75
3295-YVUSR,0,145.2
8016-NCFVO,0,6407.5
4119-ZYPZY,0,7582.8
5549-ZGHFB,0,1247.5
7577-SWIFR,0,89.25
0303-WMMRN,0,96.25
6408-OTUBZ,0,6900.3
5204-HMGYF,0,4272.8
1078-TDCRN,0,92.25
3727-OVPRY,0,1696.2
3797-FKOGQ,0,948.2
7622-NXQZR,0,842.8000000000001
6196-HBOBZ,0,6457.75
3970-XGJDU,0,1190.3999999999999
7017-VFULY,0,40.2
5562-YJQGT,0,40.7
8807-OPMBM,0,1410.75
5439-WIKXB,0,3876.5499999999997
9874-QLCLH,1,1771.4
8294-UIMBA,0,2832.0
8109-YUOHE,0,953.7
5840-NVDCG,0,1092.0
8092-NLTGF,0,1782.0
5928-QLDHB,0,686.25
9840-EFJQB,0,74.35
0696-UKTOX,0,1245.45
4801-KFYKL,0,155.6
3472-OAOOR,0,664.0500000000001
6135-OZQVA,0,375.55
8062-YBDOE,1,69.65
2252-JHJGE,0,6344.0
4188-PCPIG,0,4009.95
6000-APYLU,1,727.1999999999999
7105-BENQF,0,972.7499999999999
7721-DVEKZ,0,19.65
3566-VVORZ,0,550.8
9507-HSMMZ,0,1080.0
2480-SQIOB,0,179.2
0947-IDHRQ,1,562.1
7813-TKCVO,0,407.0
0128-MKWSG,0,1190.8
3672-YITQD,1,3027.6
4350-ZTLPI,0,5774.35
9048-JVYVF,1,208.04999999999998
0361-HJRDX,0,4375.799999999999
5727-MYATE,0,6537.599999999999
3823-KYNQY,0,299.4
8988-ECPJR,1,2706.3999999999996
7570-WELNY,0,5759.6
3021-VLNRJ,0,3540.0
3776-EKTKM,1,36.45
2080-CAZNM,0,4280.400000000001
1028-FFNJK,0,3045.0
6907-FLBER,0,54.3
3001-UNBTL,0,3014.55
5982-PSMKW,0,2095.2999999999997
3507-GASNP,0,1197.0
7096-ZNBZI,0,1904.3999999999999
1902-XBTFB,1,1966.8000000000002
1676-MQAOA,0,5407.2
0786-IVLAW,0,7134.599999999999
7566-DSRLQ,0,7930.8
0643-OKLRP,1,3776.45
7245-JMTTQ,0,5686.5
6050-IJRHS,0,7455.0
6202-JVYEU,0,179.1
8591-TKMZH,0,6554.9
0734-OXWBT,0,212.10000000000002
4282-ACRXS,0,944.3000000000001
0365-TRTPY,0,3374.4
7349-ALMUX,0,2427.2
9381-NDKME,1,975.5999999999999
6502-KUGLL,0,832.3000000000001
1841-YSJGV,0,7916.400000000001
2794-XIMMO,1,3203.8500000000004
8382-SHQEH,1,679.2
3511-BFTJW,0,2772.0
7668-XCFYV,0,1573.35
2983-ZANRP,1,147.1
7845-URHJN,1,161.2
3034-ZBEQN,1,1665.6000000000001
5018-HEKFO,0,245.0
2923-ARZLG,0,0.0
3976-NLDEZ,0,20.6
2282-YGNOR,0,1682.0
5336-UFNZP,0,6984.25
6854-EXGSF,0,524.0
1241-EZFMJ,0,1552.45
9233-PSYHO,0,4506.75
5376-PCKNB,0,7520.400000000001
8044-BGWPI,0,253.79999999999998
4060-LDNLU,0,673.4
3589-PPVKW,0,399.59999999999997
8327-LZKAS,1,4624.65
5887-IKKYO,0,5472.299999999999
1075-BGWOH,1,1580.0
1755-RMCXH,0,40.6
0302-JOIVN,1,809.2
3858-XHYJO,0,4230.0
4299-SIMNS,0,730.35
7025-IWFHT,0,3671.5499999999997
6261-LHRTG,0,1423.5
7841-FCRQD,0,1773.75
2056-EVGZL,0,7191.0
8777-MBMTS,0,6880.25
7753-USQYQ,0,3531.0
5366-IJEQJ,1,1774.0
7661-CPURM,0,1666.3
6233-HXJMX,0,4018.5
5902-WBLSE,0,1410.5
1981-INRFU,1,159.5
4971-PUYQO,1,2552.85
3239-TPHPZ,0,240.60000000000002
5115-GZDEL,0,4838.400000000001
3338-CVVEH,0,1134.6
8485-GJCDN,1,345.25
2615-YVMYX,0,7632.5
2851-STERV,0,2555.0
4393-GEADV,0,8032.5
8486-AYEQH,0,2357.5499999999997
1527-SXDPN,1,5005.0
6029-WTIPC,1,3740.7
8634-CILSZ,1,7224.3
5419-JKZNQ,0,2337.0
2495-KZNFB,0,2991.4500000000003
1409-PHXTF,0,5964.3
4560-WQAQW,0,4053.3
9591-YVTEB,0,2466.75
9309-BZGNT,0,2056.2000000000003
4274-DRSQT,0,5867.400000000001
2027-DNKIV,0,2173.75
8075-GXIUB,0,178.65
2885-HIJDH,0,5996.1
5424-RLQLC,0,596.5
6682-QJDGB,1,2210.0
6507-DTJZV,0,863.2
8780-IXSTS,1,540.5999999999999
7673-BQGKU,0,1390.35
6723-WSNTY,0,7134.599999999999
9530-EHPOH,1,591.25
2725-IWWBA,0,2617.4
0345-HKJVM,1,535.8
1061-PNTHC,0,6137.599999999999
0394-YONDK,0,1760.5
6574-MCOEH,0,2611.9500000000003
7399-QHBJS,0,4806.0
3049-SOLAY,1,285.6
0997-YTLNY,0,927.1999999999999
3317-HRTNN,1,228.5
9479-HYNYL,0,5729.7
3235-ETOOB,1,596.0
9708-KFDBY,0,20.55
8058-INTPH,1,79.65
3642-GKTCT,0,7021.099999999999
0774-RMNUW,0,4238.7
1334-PDUKM,0,5878.6
0756-MPZRL,0,1550.2
2242-MFOTG,0,2643.2999999999997
2927-CVULT,0,5514.65
2144-BFDSO,0,5437.5
8745-PVESG,0,2342.7000000000003
7647-GYYKX,0,1098.9
5647-FXOTP,0,6354.0
5569-OUICF,1,2836.4
8821-XNHVZ,1,80.05
2082-OJVTK,1,2586.8
9700-ISPUP,0,655.0
9839-ETQOE,0,1739.3500000000001
6078-VESFR,0,915.85
9027-TMATR,0,3388.4
5940-NFXKV,1,1589.3500000000001
1941-HOSAM,0,90.1
9110-HSGTV,0,5689.05
0704-VCUMB,0,1235.25
6171-ZTVYB,0,2848.75
8053-WWDRO,1,117.0
9564-KCLHR,1,51.25
1935-IMVBB,0,5023.2
2535-PBCGC,0,4518.5
2082-CEFLT,1,45.6
1470-PSXNM,0,4588.85
1213-NGCUN,1,297.9
2498-XLDZR,0,2355.2
9866-OCCKE,0,7902.0
5338-YHWYT,0,2273.65
7718-UPSKJ,0,7341.6
8731-WBBMB,0,2129.4
1448-CYWKC,0,6101.6
7901-IIDQV,0,1310.4
2690-DVRVK,0,102.75
5688-KZTSN,1,300.0
1270-XKUCC,0,591.0
0334-ZFJSR,0,3632.75
2894-QOJRX,1,850.0
5747-PMBSQ,1,925.0
5583-EJXRD,0,2378.2
4565-EVZMJ,0,2768.2999999999997
3143-JQEGI,1,1148.55
6386-SZZKH,1,5289.55
3327-YBAKM,0,6201.6
9441-QHEVC,0,19.1
6705-LNMDD,0,1000.0
2580-ASVVY,0,1679.8
3370-GQEAL,0,2563.5
5032-USPKF,0,3195.7999999999997
2982-IHMFT,1,74.45
3521-SYVOR,1,2395.75
4254-QPEDE,0,3445.0
6283-GITPX,0,5459.900000000001
9526-JAWYF,1,2334.7999999999997
0771-CHWSK,0,4923.599999999999
9788-HNGUT,0,8420.4
9495-REDIY,0,1016.25
5375-XLDOF,0,7890.15
1172-VIYBP,0,3694.1000000000004
5649-VUKMC,1,1146.0
6559-PDZLR,0,2564.9
8992-OBVDG,0,1294.6499999999999
4273-MBHYA,0,89.35
4724-WXVWF,0,4579.200000000001
5701-GUXDC,0,920.4
1460-UZPRJ,0,1197.0
6082-GLJIX,0,346.5
5143-EGQFK,1,296.5
4919-IKATY,1,422.5
2495-TTHBQ,0,81.6
0485-ZBSLN,0,1608.75
3810-PJUHR,0,1774.5
9050-QLROH,1,1632.6000000000001
0847-HGRML,0,1240.0
8232-CTLKO,0,3943.5
9227-YBAXE,0,5362.5
6168-WFVVF,1,210.89999999999998
9860-LISIZ,0,691.9000000000001
0112-QAWRZ,0,1452.8
0877-SDMBN,1,5613.3
2786-GCDPI,0,5247.5
4043-MKDTV,0,7472.75
8065-YKXKD,1,747.5
9637-EIHEQ,1,50.8
9229-RQABD,0,427.5
8313-KTIHG,0,245.2
5320-BRKGK,0,4396.4
6284-KMNUF,0,5488.0
9689-PTNPG,1,160.5
9465-RWMXL,1,2524.8
6229-UOLQL,0,2912.0
2362-IBOOY,1,3051.0
3137-LUPIX,0,257.6
0843-WTBXE,1,4528.85
6143-JQKEA,0,458.0
8676-OOQEJ,0,122.0
5515-IDEJJ,1,19.9
9701-CDXHR,0,3526.65
7450-NWRTR,1,1193.4
8124-NZVGJ,0,295.5
2162-FRZAA,0,2479.05
5376-DEQCP,1,70.6
5118-MUEYH,0,5044.799999999999
9095-HFAFX,1,405.0
5627-TVBPP,0,703.5
2379-ENZGV,1,509.09999999999997
3936-QQFLL,0,39.5
2589-AYCRP,0,987.5
4067-HLYQI,0,2323.2000000000003
5124-EOGYE,0,633.9499999999999
5057-RKGLH,0,183.15
0292-WEGCH,0,4654.8
8910-ICHIU,0,4399.900000000001
4097-YODCF,0,3529.2
9715-WZCLW,0,6901.2
9786-YWNHU,0,4003.6499999999996
6407-GSJNL,0,1272.45
6005-OBZPH,1,2317.9
4049-ZPALD,0,6336.0
7932-WPTDS,1,24.8
3733-UOCWF,0,5218.55
6833-JMZYP,0,1410.0
2722-VOJQL,1,6761.6
1310-QRITU,0,905.4
8961-QDZZJ,0,5415.0
9715-SBVSU,0,859.6
8490-BXHEO,0,1449.8999999999999
7173-TETGO,0,5652.0
7929-SKFGK,0,8001.0
2300-RQGOI,0,761.9
3563-SVYLG,0,4260.2
5228-EXCET,1,1051.05
6435-VWCCY,0,6025.5
4998-IKFSE,0,3013.5
8630-QSGXK,0,3835.2000000000003
2455-USLMV,0,2627.25
7394-FKDNK,1,805.0500000000001
9488-FVZCC,0,5724.0
6331-LWDTQ,1,721.5
5995-WWKKG,0,732.6
1597-FZREH,1,152.8
7879-CGSFV,0,5549.5
9921-EZKBY,0,3144.9
7432-FFVAR,0,4183.7
7246-ZGQDF,0,54.5
7000-WCEVQ,1,1232.0
0727-IWKVK,1,719.1
5959-BELXA,1,3076.8
4456-RHSNB,0,942.4
3512-IZIKN,1,4571.0
2481-SBOYW,0,1525.0
7109-MFBYV,0,1181.7
1833-TCXKK,0,4848.75
1832-PEUTS,0,5524.2
6141-OOXUQ,1,19.65
8660-BUETV,0,134.25
0580-PIQHM,0,4165.599999999999
5696-CEIQJ,0,6911.05
7503-ZGUZJ,1,84.65
1696-HXOWK,0,6791.150000000001
3026-ATZYV,0,2778.7
4012-YCFAI,0,3681.0
2506-TNFCO,1,69.55
9970-QBCDA,0,118.19999999999999
8718-PTMEZ,1,403.65000000000003
9496-IVVRP,0,561.0
2207-OBZNX,1,357.0
2657-VPXTA,0,888.5
6551-VLJMV,0,681.7
1221-GHZEP,0,4036.2
9289-LBQVU,0,4489.6
6142-VSJQO,1,44.35
3458-IDMFK,0,518.75
6933-FHBZC,0,1457.3
0221-NAUXK,0,199.5
9770-KXGQU,0,5225.799999999999
6437-UKHMV,1,557.9
6538-POCHL,0,2607.0
6726-NNFWD,0,6350.95
3002-WQZWT,0,2151.8
4277-UDIEF,0,1944.0
1208-NBVFH,0,992.0
4912-PIGUY,0,84.6
1114-CENIM,1,2970.0
6060-DRTNL,1,424.25
2725-TTRIQ,0,6062.400000000001
3374-TTZTK,0,5527.599999999999
8990-ZXLSU,0,621.4499999999999
2275-RBYQS,0,45.4
8473-VUVJN,1,73.65
6289-CPNLD,1,2438.7000000000003
5536-SLHPM,1,4276.25
4419-UJMUS,0,6855.15
7794-JASDG,0,50.75
7609-YBPXG,0,4703.4
5519-TEEUH,0,664.9499999999999
7856-GANIL,0,4441.5
0804-XBFBV,0,277.2
2676-OXPPQ,0,334.20000000000005
3703-TTEPD,0,1372.35
2799-TSLAG,0,1644.5
0196-VULGZ,1,506.09999999999997
8837-VVWLQ,1,679.6
2696-NARTR,1,812.3499999999999
2208-NKVVH,0,1042.75
7614-QVWQL,1,2538.2
1976-CFOCS,1,46.0
4631-OACRM,1,1191.0
7139-JZFVG,0,3630.0
4987-GQWPO,0,426.70000000000005
3755-JBMNH,1,1148.8
1757-TCATG,0,701.75
6345-ULYRW,1,3889.6000000000004
4776-XSKYQ,0,363.0
8048-DSDFQ,0,20.2
5753-QQWPW,0,1677.2
6010-DDPPW,0,1760.5
1809-DMJHQ,1,230.0
6693-FRIRW,0,1823.3999999999999
6586-MYGKD,0,5386.5
3173-NVMPX,0,497.7
0248-PGHBZ,0,6194.150000000001
0623-GDISB,0,48.45
2892-GESUL,0,348.3
6923-EFPNL,1,207.0
7472-EQOAV,0,6155.7
9574-RKJIF,1,2832.0
2043-WVTQJ,0,55.7
8034-RYTVV,0,4633.75
3863-QSTYI,0,3814.3500000000004
2619-WFQWU,1,70.15
5044-LRQAQ,0,484.40000000000003
1716-LSAMB,0,2459.25
1333-PBMXB,0,1336.5
6546-OPBBH,0,1221.45
5985-BEHZK,0,7560.0
9127-QRZMH,0,2633.4
5919-VCZYM,0,40.1
9644-KVCNC,0,6081.900000000001
2137-DQMEV,0,3046.3999999999996
8174-LNWMW,0,647.9
9279-CJEOJ,0,2003.4
7964-VEXDG,0,1687.35
2404-JIBFC,0,4680.5
0778-NELLA,1,312.3
8029-XYPWT,0,8168.55
4614-NUVZD,1,81.1
4632-PAOYU,0,438.9
3803-KMQFW,1,20.55
6804-GDMOI,1,6502.599999999999
2990-OGYTD,0,5772.05
6646-JPPHA,0,1103.8999999999999
9572-MTILT,1,6298.25
7658-UYUQS,0,1817.55
7880-XSOJX,0,169.6
9611-CTWIH,1,268.35
4589-IUAJB,0,1697.5
0329-GTIAJ,1,293.70000000000005
8746-BFOAJ,0,430.5
8457-XIGKN,0,392.0
6072-NUQCB,0,445.5
6629-CZTTH,1,55.7
8838-GPHZP,0,1297.8000000000002
8750-QWZAJ,0,1386.0
5364-EVNIB,1,1037.3999999999999
6918-UMQCG,0,401.0
0675-NCDYU,0,8380.800000000001
6339-DKLMK,0,411.45
1346-PJWTK,0,5743.150000000001
5088-QZLRL,0,20.65
8023-QHAIO,0,4303.599999999999
4397-FRLTA,0,80.6
3057-VJJQE,0,1933.75
5087-SUURX,1,702.9
2302-OUZXB,0,5914.8
8133-ANHHJ,0,5047.0
2270-CHBFN,0,4184.4
0013-EXCHZ,1,251.70000000000002
5982-FPVQN,0,3520.55
9107-UKCKY,0,4867.8
4654-ULTTN,0,5236.0
5550-VFRLC,1,69.85
5546-BYZSM,0,838.4499999999999
1492-KGETH,0,5484.5
4929-BSTRX,1,53.55
4163-HFTUK,0,974.1
8215-NGSPE,0,840.0
2225-ZRGSG,1,6573.0
8859-YSTWS,0,957.5999999999999
5271-YNWVR,1,7694.200000000001
7601-DHFWZ,0,1152.0
2657-ALMWY,1,2208.7000000000003
6330-JKLPC,1,885.5
4667-OHGKG,1,19.3
1998-VHJHK,0,517.05
1707-HABPF,0,4199.8
1660-HSOOQ,1,49.65
7253-UVNDW,1,2500.1
0487-VVUVK,0,478.74999999999994
7228-OMTPN,1,353.8
5063-IUOKK,0,256.75
4508-OEBEY,0,2340.5
0027-KWYKW,0,1926.25
2308-STERM,0,38.8
5982-XMDEX,0,1722.5
6284-AHOOQ,1,1991.0
6051-PTVNS,0,1053.25
2344-JMOGN,1,853.65
3799-ISUZQ,1,489.65000000000003
2877-VDUER,0,1431.5
9152-AMKAK,0,481.5
1794-HBQTJ,1,48.6
9432-VOFYX,0,1203.6
8049-WJCLQ,0,602.0
6586-PSJOX,0,828.0
2460-FPSYH,1,2232.0
9705-ZJBCG,0,703.9499999999999
4818-DRBQT,1,2324.3500000000004
1320-HTRDR,1,226.5
6847-KJLTS,0,5823.200000000001
9670-BPNXF,0,2814.75
3913-FCUUW,0,5072.400000000001
3301-VKTGC,0,5814.0
1493-AMTIE,1,20.2
9555-SAHUZ,0,2071.0
0816-TSPHQ,0,41.5
9932-WBWIK,0,223.85000000000002
4619-EVPHY,0,1820.0
5286-YHCVC,0,7545.599999999999
6424-ELEYH,1,224.25
4391-RESHN,1,2393.15
9115-YQHGA,0,2044.0
4462-CYWMH,0,5567.599999999999
8963-MQVYN,0,452.1
2458-EOMRE,0,704.55
9334-GWGOW,0,523.9499999999999
6821-BUXUX,1,1256.45
5028-HTLJB,1,20.05
9801-GDWGV,1,4034.55
6542-LWGXJ,0,75.0
5567-GZKQY,0,1177.4
1222-LRYKO,0,158.10000000000002
2320-JRSDE,1,19.9
2087-QAREY,0,1203.4
0601-WZHJF,1,648.9
4423-JWZJN,0,5776.0
5143-WMWOG,1,19.95
6490-FGZAT,0,123.89999999999999
5393-RXQSZ,1,79.6
7452-FOLON,0,992.55
2320-TZRRH,0,390.0
0231-LXVAP,1,75.9
9444-JTXHZ,1,76.2
4942-VZZOM,0,4233.6
5510-BOIUJ,1,19.25
7502-BNYGS,0,3178.6
4291-HYEBC,0,1094.8
6147-CBCRA,0,661.65
6047-SUHPR,0,2332.2
4471-KXAUH,1,3540.6
9752-ZNQUT,0,48.6
7638-QVMVY,1,553.0
1576-PFZIW,0,7374.5
5666-MBJPT,0,1631.5
7312-XSBAT,0,49.75
3096-GKWEB,0,1705.5
2371-JQHZZ,0,2232.0
0674-GCDXG,0,4529.700000000001
1121-QSIVB,0,3412.2
4396-KLSEH,0,79.4
3244-DCJWY,1,70.25
2824-MYYBN,0,3524.25
0875-CABNR,1,846.0
6345-HOVES,0,851.7
8318-LCNBW,0,1860.25
6469-QJKZW,0,80.6
0147-ESWWR,0,3948.75
1217-VASWC,0,4323.65
7812-FZHPE,1,409.70000000000005
6370-ZVHDV,0,1543.3
5915-DGNVC,0,3518.2
6260-XLACS,0,78.8
3566-CAAYU,0,3190.4
4983-CCWMC,0,208.79999999999998
9103-CXVOK,0,19.75
2896-TBNBE,0,3232.0
4797-AXPXK,1,60.0
5229-PRWKT,1,692.4
6982-UQZLY,1,20.85
2522-WLNSF,0,2182.8
3841-CONLJ,0,35.0
5057-LCOUI,1,1979.25
0193-ESZXP,1,6119.0
4475-NVTLU,0,864.0
4369-HTUIF,1,510.90000000000003
9386-LDCZR,0,3897.9500000000003
9585-KKMFD,0,820.0
5399-ZIMKF,0,373.25
0336-KXKFK,0,4406.400000000001
5619-XZZKR,0,79.8
3948-FVVRP,0,493.2
5327-XOKKY,0,5288.400000000001
0983-TATYJ,0,1697.8500000000001
1813-JYWTO,0,5792.400000000001
0156-FVPTA,1,1192.4
1984-FCOWB,1,7665.0
0654-HMSHN,1,2192.4
6719-OXYBR,0,1279.5
3312-ZWLGF,0,2299.7
6476-YHMGA,0,1147.5
5287-QWLKY,1,7462.099999999999
0795-XCCTE,0,1828.8
0168-XZKBB,0,1650.1499999999999
3785-NRHYR,0,19.65
5196-SGOAK,1,75.7
4537-DKTAL,0,91.1
7072-MBHEV,0,859.0999999999999
5602-BVFMK,0,231.60000000000002
6297-NOOPG,0,7735.0
1891-UAWWU,1,1816.0
8204-TIFGJ,0,466.90000000000003
8050-DVOJX,0,3986.1499999999996
6108-OQZDQ,1,391.8
0363-QJVFX,1,3460.8
8903-XEBGX,0,110.6
8169-SAEJD,0,3901.95
9840-DVNDC,1,483.0
1089-XZWHH,0,472.79999999999995
2325-WINES,0,3329.6
6064-ZATLR,0,1426.95
3096-JRDSO,1,2816.1
7824-PANSQ,0,4677.700000000001
8042-JVNFH,1,71.35
9648-BCHKM,0,443.7
2888-ADFAO,0,1001.1
8707-HOEDG,0,7714.0
3374-LXDEV,1,1162.2
4072-IPYLT,0,1837.8
7167-PCEYD,0,1326.6000000000001
4936-YPJNK,0,199.0
1580-BMCMR,0,1658.7
4817-KEQSP,0,1409.3500000000001
6408-WHTEF,0,6436.8
9251-AWQGT,0,960.0
8749-CLJXC,0,20.05
7989-VCQOH,0,1498.5
5049-GLYVG,1,20.6
4199-QHJNM,0,6894.3
8882-TLVRW,0,2697.9
5883-GTGVD,1,1899.05
5135-GRQJV,0,8244.0
2384-OVPSA,0,767.6
1371-WEPDS,0,2232.0
3580-GICBM,0,1476.2
4817-QRJSX,1,810.0
9730-DRTMJ,0,2329.6
4686-UXDML,0,2096.85
3349-ANQNH,0,5870.5
2398-YPMUR,1,911.95
0932-YIXYU,0,951.75
7480-SPLEF,0,1794.0
7636-XUHWW,0,39.8
1431-CYWMH,0,419.1
5937-EORGB,0,1447.5
6349-JDHQP,0,1052.0500000000002
5539-HIVAK,0,719.6
5847-MXBEO,0,446.6
9985-MWVIX,1,70.15
4583-PARNH,0,1464.8
1116-FRYVH,0,1891.1999999999998
1421-HCERK,0,3171.0
9633-XQABV,0,210.75
0716-BQNDX,0,5343.75
1265-XTECC,1,6565.4
1183-CANVH,0,1380.0
1972-XMUWV,0,3887.0
8679-LZBMD,0,3988.6000000000004
3407-JMJQQ,0,7739.0
6252-DFGTK,0,2519.7
1539-LNKHM,0,244.79999999999998
8645-KOMJQ,0,5654.55
0289-IVARM,0,2119.25
9761-XUJWD,0,328.0
4057-FKCZK,0,4785.0
4291-TPNFG,0,5925.599999999999
6087-YPWHO,0,4906.8
3090-QFUVD,0,20.3
2237-ZFSMY,1,3726.45
1722-LDZJS,0,1070.6
1818-ESQMW,0,2408.4
4871-JTKJF,1,69.65
1415-YFWLT,1,89.3
7401-RUBNK,0,1346.3999999999999
0506-YLVKJ,0,929.1999999999999
8661-BOYNW,0,6076.8
6711-VTNRE,1,3151.7999999999997
4815-GBTCD,0,100.6
2805-AUFQN,0,495.0
0980-PVMRC,0,2034.0
7233-DRTRF,0,6451.200000000001
3500-RMZLT,1,1444.5
3873-NFTGI,0,777.0
1162-ECVII,0,7902.0
7048-GXDAY,0,4149.6
8571-ZCMCX,0,2820.0
1169-WCVAK,0,1687.2
4548-SDBKE,1,426.0
8066-POXGX,1,456.3
7129-CAKJW,0,1360.85
8695-ARGXZ,0,2568.7
3570-YUEKJ,0,2081.1
4143-OOBWZ,1,406.5
1555-HAPSU,0,1696.8999999999999
1697-NVVGY,0,1261.6000000000001
7854-EKTJL,1,39.2
8464-EETCQ,0,1071.6000000000001
2419-FSORS,0,7804.8
8132-YPVBX,0,515.7
9102-IAYHT,1,1452.65
6754-LZUKA,0,4934.900000000001
3422-LYEPQ,1,71.0
8099-MZPUJ,0,5366.4
0787-LHDYT,0,329.6
2642-DTVCO,1,765.4499999999999
0374-IOEGQ,0,133.8
4361-JEIVL,1,44.4
3197-NNYNB,0,6831.5
3396-DKDEL,0,8060.5
1752-OZXFY,0,3588.0
9066-QRSDU,0,1814.7
9112-WSNPU,0,2469.25
9867-NNXLC,0,441.1
5321-NTRKC,0,5270.099999999999
1363-TXLSL,1,70.3
9507-EXLTT,1,79.35
3161-GETRM,0,3061.7
0402-OAMEN,0,1760.3999999999999
6933-VLYFX,0,1858.45
6754-WKSHP,0,760.5
9846-GKXAS,1,817.1999999999999
6017-PPLPX,1,1409.0
4976-LNFVV,0,651.6999999999999
5055-MGMGF,0,6828.25
4641-FROLU,0,579.0
2862-JVEOY,0,114.89999999999999
2969-QWUBZ,0,102.8
9822-BIIGN,0,3808.0499999999997
2077-MPJQO,0,527.8000000000001
1534-OULXE,0,3031.7000000000003
7136-RVDTZ,1,3167.5
2971-SGAFL,0,1023.75
1480-IVEVR,0,2856.0
2905-KFQUV,0,140.8
4581-SSPWD,1,227.39999999999998
3370-HXOPH,0,228.29999999999998
9391-YZEJW,0,5828.0
9958-MEKUC,0,7484.400000000001
0281-CNTZX,0,1256.85
6927-WTFIV,1,1426.0
4118-CEVPF,0,3878.0
3398-ZOUAA,1,1451.1
9114-VEPUF,0,5958.2
7876-BEUTG,0,732.0
2338-BQEZT,0,2780.25
9873-MNDKV,0,491.15
0378-NHQXU,1,1500.25
8241-JUIQO,0,1186.45
2194-IIQOF,0,6340.3
4512-ZUIYL,1,140.0
9631-RXVJM,0,673.75
9584-EXCDZ,0,1198.5
7969-AULMZ,1,2044.35
5093-FEGLU,0,923.55
2621-UDNLU,0,62.550000000000004
7526-IVLYU,0,58.949999999999996
2428-HYUNX,0,851.4000000000001
9214-EKVXR,0,44.0
3410-MHHUM,0,4153.6
0568-ONFPC,1,129.5
0733-VUNUW,1,1335.6
4550-EVXNY,1,69.65
2122-YWVYA,0,1357.2
2968-SSGAA,1,1006.0
2296-DKZFP,0,4615.0
4844-JJWUY,1,86.0
6777-TGHTM,1,5668.35
8909-BOLNL,0,63.599999999999994
6603-YRDCJ,0,2014.6499999999999
3538-WZPHD,1,88.80000000000001
3229-USWAR,0,2718.3
2138-VFAPZ,0,275.8
6131-JLWZM,0,263.90000000000003
4785-QRJHC,1,2755.4
0269-XFESX,0,560.0500000000001
1709-EJDOX,0,928.25
4316-XCSLJ,0,855.0999999999999
8610-WFCJF,1,4684.4
9693-XMUOB,0,2964.75
0383-CLDDA,0,5889.15
4905-JEFDW,1,457.6
2709-UQGNP,0,516.5
3549-ZTMNH,0,288.0
7881-INRLC,1,4538.25
8033-ATFAS,0,2334.15
1635-NZATJ,0,1806.95
0562-HKHML,0,1696.8999999999999
8277-RVRSV,0,796.9499999999999
9943-VSZUV,0,5071.900000000001
0117-LFRMW,1,1487.4
6172-FECYY,1,4140.5
7054-ENNGU,0,457.65000000000003
1455-HFBXA,0,4763.2
9402-CXWPL,0,6923.0
1628-BIZYP,0,85.0
1965-AKTSX,1,1105.3
0082-LDZUE,0,44.3
4786-UKSNZ,1,20.2
5343-SGUBI,0,4170.400000000001
0856-NAOES,0,365.4
1976-AZZPJ,0,239.40000000000003
7248-VZQLC,1,4004.4
6156-UZDLF,0,2265.9
3099-OONVS,0,1357.5
9500-WBGRP,0,1317.9
5183-KLYEM,0,8118.0
5144-PQCDZ,0,79.8
8514-VZHEB,0,1150.5
6625-IUTTT,0,4391.849999999999
9355-NPPFS,0,2048.7999999999997
0068-FIGTF,0,2111.4
5965-GGPRW,0,7578.0
8035-PWSEV,0,535.5
2236-HILPA,0,1280.3
1840-BIUOG,0,1374.0
1356-MKYSK,0,471.90000000000003
6080-LNESI,0,1262.25
1830-IPXVJ,0,1204.75
5828-DWPIL,0,5524.2
8398-TBIYD,0,6098.400000000001
0011-IGKFF,1,1274.0
4192-GORJT,1,472.25
6496-SLWHQ,1,315.0
9912-GVSEQ,1,2440.1
2931-FSOHN,0,778.6999999999999
9418-RUKPH,0,758.1
5383-MMTWC,1,672.0
9971-ZWPBF,0,3702.6000000000004
4712-AUQZO,0,604.8000000000001
9711-FJTBX,0,4807.599999999999
2908-ZTPNF,0,1254.6000000000001
7240-ETPTR,1,438.75
2202-CUYXZ,1,84.85
5995-OIGLP,1,679.8
8421-WZOOW,0,5432.099999999999
6261-RCVNS,1,3103.8
7951-QKZPL,1,808.5
1414-YADCW,0,5922.0
8756-RDDLT,0,3056.6000000000004
2862-PFNIK,0,24.7
5816-QVHRX,0,3711.1
4430-YHXGG,0,101.8
6888-SBYAI,0,50.7
7395-XWZOY,0,1100.0
7169-YWAMK,0,4924.8
3640-PHQXK,1,2786.9
6877-LGWXO,1,1413.8999999999999
6859-RKMZJ,0,605.55
2729-VNVAP,0,653.4
2957-JIRMN,0,5235.900000000001
2049-BAFNW,0,35.9
3842-QTGDL,0,1292.0
7163-OCEQI,0,1730.3000000000002
9782-LGXMC,0,3025.75
5975-BAICR,0,2293.2000000000003
8019-ENHXU,1,4176.900000000001
5167-GBFRE,1,100.8
9033-EOXWV,1,888.5999999999999
4673-KKSLS,0,2715.6
4853-OITSN,0,445.75
9800-OUIGR,0,1320.0
1324-NLTJE,1,825.0
2324-EFHVG,0,6681.6
7094-MSZAO,0,200.5
1522-VVDMG,1,628.25
6907-CQGPN,0,994.6999999999999
0780-XNZFN,0,1177.05
0239-OXEXL,0,3875.5
2675-IJRGJ,0,1041.4499999999998
7049-GKVZY,0,1357.4499999999998
8577-QSOCG,0,767.6
3721-CNZHX,0,297.0
0212-ISBBF,0,1107.7
9185-TQCVP,1,1192.1000000000001
3585-YNADK,0,4252.2
5271-DBYSJ,0,870.6500000000001
1099-GODLO,0,20.35
6828-HMKWP,0,252.60000000000002
5567-WSELE,1,283.79999999999995
1472-TNCWL,0,3409.2000000000003
8063-RJYNF,1,1508.0
0687-ZVTHB,1,4709.25
2080-GKCWQ,0,149.9
9661-ACXBS,1,4418.400000000001
2193-SFWQW,0,8060.400000000001
5656-JAMLX,0,1230.7
3462-BJQQA,0,538.5
0442-TDYUO,0,962.4000000000001
6733-LRIZX,0,3813.25
9503-XJUME,0,1021.8
4367-NHWMM,0,24.9
3727-RJMEO,1,497.09999999999997
3779-OSWCF,0,6617.2
6736-DHUQI,0,5681.599999999999
3915-ODIYG,0,4305.0
1360-RCYRT,0,698.0500000000001
2724-FJDYW,0,2139.15
4451-RWASJ,0,292.5
6646-VRFOL,1,5504.049999999999
3460-TJBWI,0,580.8
5917-HBSDW,0,715.95
5685-IIXLY,1,418.0
5671-UUNXD,0,5032.5
0956-ACVZC,0,5081.4
2325-NBPZG,0,223.64999999999998
4250-ZBWLV,1,7374.6
4482-FTFFX,0,280.75
8859-DZTGQ,0,671.5500000000001
0440-MOGPM,0,3302.5499999999997
0020-JDNXP,0,2082.5
3752-CQSJI,0,265.84999999999997
5025-GOOKI,0,378.0
4698-KVLLG,0,999.6
5095-AESKG,1,274.5
2887-JPYLU,0,1853.2
4770-QAZXN,0,252.85
4896-CPRPF,0,890.75
1871-MOWRM,1,970.1999999999999
9714-EDSUC,0,379.6
2027-OAQQC,1,2109.15
0282-NVSJS,0,351.6
9090-SGQXL,1,7160.4
6595-YGXIT,1,2223.75
7353-YOWFP,0,141.75
9835-ZIITK,1,7316.099999999999
8008-ESFLK,0,5856.5
7537-CBQUZ,0,6892.200000000001
1555-DJEQW,1,7994.0
5649-TJHOV,1,985.5
0519-XUZJU,1,70.75
3363-EWLGO,0,99.75
4750-UKWJK,0,725.2
6338-AVWCY,1,120.44999999999999
1689-YQBYY,0,919.1999999999999
4487-ZYJZK,0,744.8000000000001
2959-FENLU,0,767.6999999999999
0708-LGSMF,0,856.05
9253-QXKBE,1,2739.05
7634-HLQJR,0,942.35
0487-RPVUM,0,6063.400000000001
4079-ULGFR,0,320.0
2516-XSJKX,0,3216.4500000000003
0057-QBUQH,0,1079.3
9445-SZLCH,1,3504.6
6599-SFQVE,0,330.0
8331-ZXFOE,0,4123.799999999999
4003-FUSHP,0,1169.45
0356-ERHVT,0,504.9
7325-ENZFI,0,1571.6999999999998
4884-ZTHVF,0,696.8
3920-HIHMQ,0,1287.0
3055-OYMSE,0,3911.3999999999996
0613-WUXUM,0,1344.0
7568-PODML,1,45.3
4458-KVRBJ,0,1475.0
5349-IECLD,1,189.9
1397-XKKWR,0,247.09999999999997
3945-GFWQL,1,534.5999999999999
8097-OMULG,0,4528.25
6013-BHCAW,0,4941.0
0401-WDBXM,0,7599.599999999999
3387-PLKUI,0,244.4
6096-EGVTU,0,1593.6
3797-VTIDR,1,23.45
5081-NWSUP,0,649.0
2580-ATZSQ,0,3987.75
8085-MSNLK,0,7064.900000000001
9691-HKOVS,0,4958.25
9881-VCZEP,0,1352.5
9526-BIHHD,1,29.7
8757-TFHHJ,0,49.8
4523-WXCEF,1,5964.9
1468-DEFNC,0,1561.6
5119-KEPFY,0,3420.0
8364-TRMMK,1,151.95
0916-KNFAJ,0,4263.900000000001
8319-QBEHW,0,1038.7
3063-QFSZL,1,55.4
8775-LHDJH,1,90.6
9625-QNLUX,0,7021.0
3097-NQYSN,1,173.7
4024-CSNBY,0,6786.0
7110-BDTWG,0,3340.5499999999997
7493-GVFIO,0,1171.3500000000001
0690-SRQID,0,78.6
9605-WGJVW,0,70.2
9114-DPSIA,0,5832.0
4700-UBQMV,0,1593.9
7711-GQBZC,0,1753.7
3565-UNOCC,1,2872.45
4627-MIHJH,0,7607.25
9795-NREXC,0,5440.0
8573-CGOCC,0,316.0
7356-AYNJP,0,95.6
9249-FXSCK,1,5785.0
5493-SDRDQ,1,110.2
6286-SUUWT,0,19.95
4819-HJPIW,0,452.7
8654-DHAOW,0,108.3
5438-QMDDL,0,1136.2
9812-GHVRI,0,3354.0
5553-AOINX,0,6923.400000000001
1228-ZLNBX,0,1581.3
4226-KKDON,0,533.2
3831-YCPUO,0,7884.0
7445-WMRBW,0,3544.7999999999997
3308-DGHKL,0,1331.7
9924-JPRMC,0,8510.4
0080-EMYVY,0,720.3000000000001
6218-KNUBD,0,356.70000000000005
7337-CINUD,0,156.0
7609-NRNCA,0,332.35
0623-EJQEG,0,6080.75
7153-CHRBV,0,3380.1
0871-URUWO,1,1329.25
9190-MFJLN,1,1822.1000000000001
6198-PNNSZ,0,6148.8
3317-VLGQT,0,1093.3999999999999
4132-POCZS,0,2074.7999999999997
5614-DNZCE,0,3764.2000000000003
1095-JUDTC,1,4467.349999999999
3896-RCYYE,0,3577.7999999999997
9638-JIQYA,0,49.8
3258-SANFR,0,268.20000000000005
3726-TBHQT,0,8094.0
3190-ITQXP,0,931.5
0870-VEMYL,1,269.25
4833-QTJNO,0,5617.95
3039-MJSLN,0,60.599999999999994
0178-CIIKR,0,59.849999999999994
5385-SUIRI,1,5418.400000000001
3982-XWFZQ,1,2110.5
5774-QPLTF,0,1017.5000000000001
2322-VCZHZ,0,2070.0
5010-IPEAQ,0,3631.4
4009-ALQFH,1,2487.5
6383-ZTSIW,0,3864.8999999999996
8990-YOZLV,0,4616.1
3069-SSVSN,0,25.85
5222-IMUKT,0,2913.6
3627-FCRDW,1,639.0
7562-GSUHK,1,1491.2
6685-XSHHU,0,1257.0
8901-UPRHR,0,7862.400000000001
4903-UYAVB,1,96.75
0118-JPNOY,0,2230.7999999999997
6776-TLWOI,1,59.550000000000004
3845-FXCYS,0,39.3
5857-XRECV,0,41.0
0725-CXOTM,0,3227.4
4343-EJVQB,0,520.4499999999999
9000-PLFUZ,0,2967.0
3427-GGZZI,0,1692.8999999999999
7779-ORAEL,0,3381.7500000000005
0644-OQMDK,0,282.6
4077-CROMM,1,3230.2000000000003
3154-CFSZG,0,4232.349999999999
2868-MZAGQ,1,79.25
4847-QNOKA,1,44.9
2220-IAHLS,0,19.4
1658-XUHBX,0,5236.25
6379-RXJRQ,1,701.0
2378-HTWFW,0,3185.0
8650-RHRKE,1,118.6
4377-VDHYI,0,2905.6
0475-RIJEP,1,3347.5499999999997
1260-TTRXI,1,217.2
3719-TDVQB,0,1023.3
6328-ZPBGN,1,1046.65
0201-MIBOL,0,6758.400000000001
4937-QPZPO,0,6093.900000000001
2925-VDZHY,0,6386.400000000001
6981-TDRFT,0,2389.2
3413-CSSTH,0,2283.7000000000003
8033-VCZGH,0,5197.5
4789-KWMXN,1,5209.95
0224-NIJLP,0,161.2
7542-CYDDM,0,360.90000000000003
4718-WXBGI,0,6620.400000000001
2867-UIMSS,1,80.5
8495-PRWFH,0,2337.2999999999997
0439-IFYUN,0,1344.6000000000001
5716-LIBJC,0,1353.95
2868-LLSKM,0,5688.200000000001
8111-RKSPX,1,288.8
2988-QRAJY,0,7593.45
1585-MQSSU,1,875.5
0071-NDAFP,0,637.5
2856-NNASM,1,3850.65
7328-ZJAJO,0,1150.5
6458-CYIDZ,0,403.5
8559-CIZFV,1,1627.5
1090-PYKCI,0,7251.9
3058-WQDRE,0,326.95
7547-EKNFS,1,4000.5
2279-AXJJK,0,4973.8
6769-DYBQN,1,3910.0
0909-SELIE,0,4928.8
3417-TSCIC,0,720.6500000000001
1042-HFUCW,0,1368.75
4439-JMPMT,1,428.75
6537-OTKMY,0,761.25
8999-EXMNO,0,382.84999999999997
6725-TPKJO,0,882.2
2446-BEGGB,1,589.5
7162-WPHPM,0,4152.799999999999
1599-MMYRQ,0,5049.900000000001
8821-KVZKQ,0,4088.0
1496-GGSUK,1,25.7
6434-TTGJP,0,537.0
0042-JVWOJ,0,509.6
0130-SXOUN,0,5900.400000000001
2575-GFSOE,1,483.0
2330-PQGDQ,0,4294.2
1452-UZOSF,0,7639.2
2097-YVPKN,0,1673.75
2842-JTCCU,1,92.1
8597-CTXVJ,0,4546.5
6631-HMANX,0,6152.400000000001
9962-BFPDU,0,20.05
3296-SILRA,1,76.4
9681-OXGVC,1,502.5
6394-HHHZM,0,62.099999999999994
5995-LFTLE,0,1467.4
5180-UCIIQ,1,881.0999999999999
1932-UEDCX,0,3319.7999999999997
7153-OANIO,1,69.95
5188-HGMLP,0,3996.0
0665-XHDJU,0,7156.8
6521-YYTYI,1,93.3
8878-HMWBV,1,147.45
8265-HKSOW,0,7736.400000000001
3544-FBCAS,0,6019.2
5331-RGMTT,0,5348.7
4759-PXTAN,0,4725.9
7054-DMVAS,0,3526.2
3428-MMGUB,0,5373.0
6549-BTYPG,0,3648.0
7823-JSOAG,0,223.5
3705-RHRFR,0,6841.35
9374-YOLBJ,0,19.25
9074-KGVOX,0,1972.5000000000002
6128-DAFVY,0,2511.6
9933-QRGTX,0,5832.0
4476-OSWTN,0,7627.95
3751-KTZEL,1,35.05
1977-STDKI,1,73.0
5066-GFJMM,0,59.699999999999996
2661-GKBTK,0,4617.0
0458-HEUZG,0,460.2
7268-WNTCP,0,1267.8999999999999
0824-VWDPO,0,4353.75
8409-WQJUX,0,1355.0
2578-JQPHZ,0,4404.4
3278-FSIXX,0,90.5
5813-UECBU,1,2767.0499999999997
0328-GRPMV,1,70.1
9746-UGFAC,0,458.70000000000005
2946-KIQSP,0,1170.75
0625-AFOHS,0,585.8
6726-WEXXK,0,2319.3
4636-OLWOE,0,3294.0
4342-HENTK,1,141.3
4685-ERGHK,0,4953.3
0885-HMGPY,0,4302.8
5003-OKNNK,0,305.25
4195-SMMNX,1,40.7
7208-PSIHR,0,7301.0
4012-ZTHBR,0,943.95
0489-WMEMG,0,1137.3500000000001
7435-ZNUYY,0,123.60000000000001
1354-YZFNB,0,78.2
6956-SMUCM,1,297.0
2985-FMWYF,0,2150.5
2812-ENYMO,0,1418.3
2717-HVIZY,0,160.4
3223-WZWJM,1,2182.7000000000003
3422-GALYP,0,158.9
9053-JZFKV,1,7785.400000000001
2530-ENDWQ,1,6652.7
2890-WFBHU,0,4711.15
0327-WFZSY,0,3900.0
7977-HXJKU,0,411.6
6615-ZGEDR,1,19.7
7033-CLAMM,0,969.5999999999999
4023-RTIQM,0,1562.3999999999999
0864-FVJNJ,0,7254.4
7356-IWLFW,0,3680.0
9541-PWTWO,0,4209.400000000001
3967-VQOGC,0,1668.3
7872-RDDLZ,0,3678.2999999999997
9250-WYPLL,1,377.75
6308-CQRBU,0,7756.75
2754-XBHTB,1,698.85
1597-LHYNC,1,2470.0
0186-CAERR,0,8257.3
3043-SUDUA,0,636.8
5442-BHQNG,0,140.7
2169-RRLFW,0,1817.6000000000001
5872-OEQNH,0,2667.0
3162-KKZXO,0,5508.25
7055-VKGDA,1,5691.6
0754-UKWQP,1,191.7
8873-GLDMH,0,443.09999999999997
5696-JVVQY,0,3364.7999999999997
8946-BFWSG,0,1590.75
7493-TPUWZ,1,79.15
0547-HURJB,0,252.60000000000002
8904-OPDCK,0,1347.3
8845-LWKGE,0,1935.0
1577-HKTFG,1,589.5
8752-STIVR,1,316.0
0691-NIKRI,0,4238.0
5022-JNQEQ,0,682.65
4558-FANTW,1,1561.4499999999998
3249-VHRIP,0,2703.2000000000003
3736-BLEPA,0,2555.0
4701-LKOZD,0,6282.5
6603-QWSPR,0,4802.400000000001
9921-QFQUL,0,2073.4500000000003
1929-ZCBHE,0,1894.1
4378-MYPGO,0,7157.0
8651-ENBZX,1,6360.0
4129-LYCOI,0,6968.0
7798-JVXYM,0,975.1000000000001
8647-SDTWQ,0,4235.099999999999
2696-ECXKC,0,5549.5
2081-KJSQF,0,20.25
7623-TRNQN,1,49.9
3323-CPBWR,0,2228.7000000000003
9330-IJWIO,1,1304.55
3384-CTMSF,0,4892.7
0902-RFHOF,0,763.8000000000001
9286-DOJGF,1,2848.1
6048-QBXKL,0,113.1
9661-MHUMO,1,49.25
7718-RXDGG,0,1029.0
1025-FALIX,0,1795.3
3451-VAWLI,0,689.5
3407-QGWLG,0,60.150000000000006
1842-EZJMK,1,5185.0
2347-WKKAE,0,3964.8
8735-DCXNF,0,549.5
3214-IYUUQ,0,5715.7
1936-UAFEH,0,7497.0
3587-PMCOY,0,989.0
8079-XRJRS,1,5833.75
1027-LKKQQ,0,5792.400000000001
7148-XZPHA,0,4367.0
8073-IJDCM,1,20.3
5309-TAIKL,0,439.59999999999997
6856-RAURS,0,149.8
8778-LMWTJ,0,673.65
9717-IOAAF,0,697.95
8884-ADFVN,1,713.65
2845-KDHVX,0,4371.2
0848-SOMKO,0,3388.0
2720-WGKHP,1,188.0
6734-FQAJX,0,7038.349999999999
2869-ADAWR,1,4018.5
1535-VTJOQ,0,603.5999999999999
6368-TZZDT,0,78.0
0943-ZQPXH,0,4089.8
1293-BSEUN,0,1490.3999999999999
9894-EZEWG,1,74.3
1302-TPUBN,0,1277.1000000000001
7851-FLGGQ,1,44.65
0637-UBJRP,1,1092.6499999999999
0940-OUQEC,1,807.0
2378-VTKDH,0,6782.75
0927-CNGRH,0,19.55
8608-OZTLB,0,2813.9
2335-GSODA,0,922.3000000000001
1952-DVVSW,0,201.0
0702-PGIBZ,1,406.8
6656-GULJQ,0,6015.599999999999
9853-JFZDU,0,1989.75
1963-VAUKV,1,20.4
3777-XROBG,0,1133.9
6994-FGRHH,0,7430.5
4000-VGMQP,0,3000.1
3999-WRNGR,0,2985.0
3466-RITXD,0,2402.4
2680-XKKNJ,0,465.6
3058-HJCUY,1,4206.599999999999
2974-GGUXS,0,3310.2000000000003
7994-XIRTR,0,3523.5
3259-FDWOY,1,7526.0
2101-RANCD,0,4020.4999999999995
7921-BEPCI,0,4302.0
0807-ZABDG,1,165.3
8510-TMWYB,0,3229.2
3258-ZKPAI,0,8395.199999999999
1428-IEDPR,0,5683.599999999999
5298-GSTLM,0,6084.0
4450-YOOHP,0,1975.35
6728-CZFEI,0,842.25
5748-RNCJT,1,7348.5
3653-NCRDJ,0,825.6
6121-TNHBO,0,5229.0
5119-NZPTV,0,140.2
6519-ZHPXP,0,7797.599999999999
7739-LAXOG,1,2913.6
3472-QPRCH,0,1010.0
8224-UAXBZ,0,2630.3
9610-WCESF,0,2941.2999999999997
9776-CLUJA,1,3952.5
2486-WYVVE,0,2458.2999999999997
3865-ZYKAD,0,5858.1
1422-DGUBX,0,2536.0
2999-AANRQ,0,1492.05
8668-KNZTI,0,2795.0
0480-KYJVA,0,1746.0
6034-ZRYCV,1,3902.4
9746-YKGXB,0,2301.0
3926-YZVVX,0,2052.0499999999997
6000-UKLWI,0,826.15
2079-FBMZK,1,415.5
6332-FBZRI,0,4646.45
2096-XOTMO,0,309.6
3266-FTKHB,0,325.54999999999995
8221-EQDGL,0,2135.0
2346-LOCWC,0,1189.0
6608-QQLVK,1,50.5
0298-XACET,0,2610.4
7560-QJAVJ,0,5572.0
2995-YWTCD,0,473.09999999999997
3551-HUAZH,1,74.4
9137-UIYPG,0,3741.5
2809-ZMYOQ,0,3243.2
5084-OOVCJ,0,940.95
0254-WWRKD,0,3386.85
7727-SHVZV,0,175.5
6302-JGYRJ,1,2462.9500000000003
5339-PXDVH,0,362.6
2205-LPVGL,0,5211.299999999999
8782-NUUOL,0,4740.0
3685-YLCMQ,1,6069.700000000001
7601-WFVZV,0,19.55
4609-KNNWG,0,537.3
4868-AADLV,0,7672.5
9529-OFXHY,0,1316.25
8634-MPHTR,1,4702.349999999999
2669-QVCRG,0,3333.2999999999997
2478-EEWWM,0,2613.7
9174-IHETN,0,3517.4999999999995
2233-TXSIU,0,755.6500000000001
9644-UMGQA,0,294.9
3256-EZDBI,0,1501.95
8761-NSOBC,1,4424.2
0419-YAAPX,0,4179.7
8413-VONUO,1,191.3
0872-CASZJ,0,4076.8999999999996
4726-DLWQN,0,3517.4999999999995
8164-OCKUJ,0,1215.4
3094-JOJAI,0,1334.7
9494-MRNYX,0,750.5
2599-CZABP,0,624.4
7945-PRBVF,0,750.75
4544-RXFMG,0,347.6
0859-YGKFW,0,360.90000000000003
1150-FTQGN,0,5649.0
9223-UCPVT,1,94.4
7196-LIWRH,0,117.30000000000001
5448-VWNAM,0,1442.1000000000001
1177-XZBJL,0,3399.9500000000003
3518-FSTWG,0,7887.599999999999
9330-VOFSZ,0,6648.0
4351-QLCSU,1,55.0
0939-EREMR,0,694.85
9389-ACWBI,0,349.75
5419-JPRRN,1,101.45
3644-QXEHN,0,1261.0
2911-IJORQ,0,3352.2
5921-NGYRH,0,4707.2
2100-BDNSN,1,339.75
5998-DZLYR,0,5755.349999999999
0488-GSLFR,1,69.5
9318-NKNFC,1,18.85
3985-HOYPM,0,504.4
9728-FTTVZ,1,69.2
9548-LERKT,0,474.0
6576-FBXOJ,0,928.2
4310-KEDTB,0,774.8000000000001
7254-IQWOZ,1,69.65
2474-BRUCM,1,4074.0
4062-HBMOS,0,5358.599999999999
0742-NXBGR,1,82.3
2676-ISHSF,0,20.3
9236-NDUCW,0,737.1
4753-PADAS,0,7081.900000000001
6103-QCKFX,0,2475.0
7781-EWARA,0,4224.5
6110-OHIHY,1,237.75
7018-FPXHH,0,3348.7999999999997
5889-LFOLL,1,1099.8
5708-EVONK,1,5417.200000000001
8708-XPXHZ,1,3956.4
0616-ATFGB,1,25.05
0572-ZJKLT,0,4583.900000000001
5135-RDDQL,0,3190.95
1353-LJWEM,0,669.9
1794-SWWKL,0,894.75
6166-YIPFO,0,4658.400000000001
7016-BPGEU,1,727.9000000000001
6876-ADESB,1,48.95
9332-GYWLO,0,329.1
1963-SVUCV,1,45.3
4184-VODJZ,0,5755.049999999999
0220-EBGCE,1,171.7
1092-WPIVQ,0,451.8
7233-IOQNP,0,1462.0
2834-JKOOW,0,688.5
2754-VDLTR,1,952.0
2400-FEQME,0,1127.5
3190-XFANI,1,4929.4
7551-DACSP,1,331.79999999999995
4957-SREEC,0,1424.5
7235-NXZCP,1,149.7
0230-UBYPQ,0,2274.3
4923-ADWXJ,0,1645.0
1763-KUAAW,0,366.3
1104-TNLZA,0,2962.4
5195-KPUNQ,0,5127.75
0520-FDVVT,1,3582.25
3439-GVUSX,0,24.4
1444-VVSGW,1,8095.5
5712-PTIWW,1,159.7
5949-HGVJL,0,1899.3
5203-XEHAX,0,2187.8999999999996
1635-HDGFT,0,389.5
3315-TOTBP,1,1140.0
8050-XGRVL,0,3394.5
6661-HBGWL,1,4399.5
1518-VOWAV,1,671.85
9828-QHFBK,0,1227.6
3908-MKIMJ,0,2852.6000000000004
5012-YSPJJ,0,1684.8500000000001
5909-ECHUI,1,56.25
1309-BXVOQ,1,2228.1
6728-VOIFY,0,6048.0
9317-WZPGV,1,159.5
4891-NLUBA,0,3748.4500000000003
2856-HYAPG,1,68.65
8969-PRHFK,0,353.7
0661-KQHNK,0,114.0
8709-KRDVL,0,3300.0
4488-PSYCG,1,324.0
1427-VERSM,0,5527.2
9801-NOSHQ,0,455.40000000000003
6339-YPSAH,0,664.1999999999999
3621-CEOVK,1,1402.8
6906-ANDWJ,1,1123.5
2159-TURXX,0,100.25
1548-FEHVL,0,6478.2
3795-CAWEX,0,8158.5
6215-NQCPY,0,1495.5
5647-URDKA,0,157.6
2229-DPMBI,0,156.0
9626-WEQRM,0,116.6
2188-SXWVT,0,1870.0
6258-PVZWJ,0,6174.4
1094-BKOSX,0,2295.0
6969-MVBAI,0,810.9
2978-XXSOG,0,1299.1
2342-CKIAO,0,40.6
6953-PBDIN,0,5106.5
3898-BSJYF,0,735.5
3938-YFPXD,0,6069.599999999999
7696-AMHOD,0,3822.0
2453-SAFNS,0,3893.3999999999996
9558-IHEZX,0,7579.25
9617-UDPEU,0,423.5
6340-DACFT,0,1027.5
4955-VCWBI,0,860.0
6813-GZQCG,0,1109.25
7426-GSWPO,0,6624.0
3389-KTRXV,0,548.5500000000001
3118-UHVVQ,0,1754.4
1031-IIDEO,1,70.85
5832-XKAES,1,139.6
3205-MXZRA,0,1545.7
4701-AHWMW,1,3000.25
8317-BVKSO,0,280.7
5702-KVQRD,0,5861.05
0083-PIVIK,0,5200.0
9210-IAHGH,1,495.25
6169-PGNCD,0,4235.099999999999
0023-XUOPT,1,1223.3
4592-IWTJI,1,89.1
4909-JOUPP,0,7898.400000000001
4657-FWVFY,0,3854.0
2257-BOVXD,0,932.3999999999999
7729-JTEEC,0,89.0
7632-MNYOY,1,7319.400000000001
6518-LGAOV,1,3990.0
7242-QZLXF,1,25.3
4576-CSAJH,1,1213.3
1000-AJSLD,1,20.1
9696-RMYBA,0,400.5
8690-UPCZI,0,2002.4499999999998
1062-LHZOD,1,69.9
9770-LXDBK,0,61.199999999999996
4086-WITJG,0,1398.7
8344-WFMFH,0,450.90000000000003
9600-NAXZN,1,4360.2
8822-KNBHV,0,4005.6000000000004
8404-FYDIB,0,2252.9
2791-SFVEW,0,181.35
6457-USBER,1,80.8
6762-NSODU,0,892.4
4662-EKDPQ,1,124.1
9248-OJYKK,1,76.45
9888-ZCUMM,0,3843.2
3398-FSHON,1,1095.6
3319-DWOEP,1,574.5
1074-WVEVG,0,1200.65
9979-RGMZT,0,658.35
6437-UDQJM,0,6055.2
1226-IENZN,0,1260.0
2108-GLPQB,0,1388.75
9259-PACGQ,1,2130.1
4415-IJZTP,1,74.5
1465-VINDH,1,1021.0
5474-LAMUQ,0,482.40000000000003
3468-DRVQJ,0,703.0
1122-YJBCS,0,3701.85
4990-ALDGW,0,1182.75
4816-OKWNX,0,5170.0
3315-IKYZQ,0,1422.3999999999999
2810-FTLEM,1,802.4
4747-LCAQL,0,1975.0
3411-WLRSQ,0,223.79999999999998
0898-XCGTF,0,5886.5
8006-PYCSW,0,40.2
8249-THVEC,0,989.4
8722-PRFDV,0,5506.05
2164-SOQXL,0,401.0
4020-KIUDI,0,119.10000000000001
5850-BDWCY,0,121.19999999999999
2038-YSEZE,0,1956.0500000000002
0827-ITJPH,0,667.8000000000001
8799-OXZMD,0,833.0
1925-TIBLE,1,605.5
1705-GUHPV,0,1524.6
4779-ZGICK,0,1130.4
0048-PIHNL,0,1002.05
0818-OCPZO,1,2199.15
3967-KXAPS,0,6645.599999999999
1447-GIQMR,1,69.15
3704-IEAXF,0,3862.7999999999997
6810-VCAEX,0,1863.55
0674-EYYZV,0,54.65
4480-MBMLB,0,3772.7999999999997
1395-OFUWC,0,1259.9
0822-QGCXA,0,2263.95
0872-NXJYS,1,715.9499999999999
2832-KJCRD,0,3938.7000000000003
3588-WSTTJ,0,3466.75
4075-WKNIU,0,0.0
5090-EMGTC,0,5902.95
2346-CZYIL,0,549.45
3798-EPWRR,0,87.9
6258-NGCNG,0,164.5
4186-ZBUEW,0,2545.2000000000003
5274-XHAKY,0,3866.2999999999997
1442-BQPVU,0,378.95
3978-YNKDD,0,396.15000000000003
4940-KHCWD,0,2262.0
9412-ARGBX,1,4584.0
1389-CXMLU,1,273.15
9589-ABEPT,0,6379.05
9388-ZEYVT,0,1898.45
0305-SQECB,0,396.54999999999995
7605-SNLQG,0,2261.25
4670-TABXH,0,7902.0
5561-NWEVX,1,158.4
0064-SUDOG,0,243.60000000000002
8561-NMTBD,0,7527.45
5161-XEUVX,0,3489.1
8292-FRFZQ,0,1604.85
8591-NXRCV,0,3060.65
7895-VONWT,0,1206.25
4526-RMTLL,0,609.2
6253-GNHWH,0,5048.099999999999
4566-NECEV,0,482.75
8080-POTJR,0,2379.0
6906-MPARY,0,3584.0
3662-FXJFO,0,1107.0
8107-RZLNV,0,7653.599999999999
0516-OOHAR,0,2809.7999999999997
2027-CWDNU,0,1540.8
2737-WFVYW,1,90.5
9912-OMZDS,0,6262.85
3733-ZEECP,0,1124.2
7878-RTCZG,0,19.9
2452-MRMZF,0,1850.3999999999999
2272-QAGFO,1,1040.2
7103-IPXPJ,0,4970.0
4342-HFXWS,0,3345.6000000000004
3545-CNWRG,0,4819.15
1785-BPHTP,0,2392.6
4989-LIXVT,0,6521.200000000001
7315-WYOAW,0,1309.75
1173-XZPYF,0,981.2
9850-OWRHQ,1,222.29999999999998
3768-NLUBH,1,5734.2
8676-TRMJS,1,225.0
2509-TFPJU,0,1854.0
9530-GRMJG,0,5887.0
6898-RBTLU,0,3885.7
5481-NTDOH,0,7172.349999999999
2068-WWXQZ,0,922.3000000000001
7359-SSBJK,1,4492.8
2061-VVFST,0,721.5
0685-MLYYM,1,141.5
0749-IRGQE,0,588.9
2380-DAMQP,0,8290.800000000001
2256-YLYLP,0,4960.6
1272-ILHFG,0,294.75
0164-XAIRP,0,469.20000000000005
5666-CYCYZ,0,2149.2
4011-ARPHK,0,1359.45
8182-PNAGI,1,603.0
6365-HITVU,0,6194.75
7558-IMLMT,0,1393.6000000000001
9488-FYQAU,0,6882.75
3590-TCXTB,0,20.35
6994-KERXL,0,223.6
7957-RYHQD,1,3168.0
2180-DXNEG,1,1152.0
1960-UOTYM,0,4118.400000000001
2740-JFBOK,0,240.0
6500-JVEGC,0,6891.799999999999
5515-AKOAJ,1,5405.4
8976-OQHGT,1,226.0
5245-VDBUR,0,1843.4
6230-BSUXY,1,85.0
8469-SNFFH,0,5558.0
2144-ESWKO,0,1513.6000000000001
1241-FPMOF,0,1021.8
9928-BZVLZ,0,598.2
4114-QMKVN,0,3850.0
2775-SEFEE,0,0.0
9003-CPATH,0,3355.8
1754-GKYPY,0,1974.5
5294-CDGWY,1,3024.2999999999997
7956-XQWGU,0,523.8
1591-MQJTP,0,4776.150000000001
5295-PCJOO,1,197.6
2369-FEVNO,0,19.9
9863-JZAIC,1,1925.0
7471-MQPOS,0,5175.900000000001
7660-HDPJV,1,69.2
5115-SQAAU,0,1766.4
9845-QOMAD,0,276.5
7672-VFMXZ,0,3174.9
9739-JLPQJ,0,8460.0
9916-AYHTC,0,952.8000000000001
3855-ONCAR,0,315.6
1488-SYSFC,0,640.15
7931-PXHFC,1,2367.4
3990-QYKBE,1,3422.5
0970-QXPXW,0,19.65
3259-KNMRR,0,4545.75
6120-RJKLU,0,4956.900000000001
9572-WUKSB,0,89.69999999999999
5893-KCLGT,0,1422.0
0076-LVEPS,0,1305.0
3640-JQGJG,0,582.4
4919-MOAVT,1,208.95000000000002
1596-OQSPS,0,562.1
9867-XOBQA,0,1116.1499999999999
9546-KDTRB,0,469.3
3090-HAWSU,1,6807.599999999999
9820-RMCQV,1,534.05
3174-RKMOW,0,3848.25
1760-CAZHT,0,520.0
7839-QRKXN,1,20.2
8441-SHIPE,0,1715.2
5204-QZXPU,1,753.35
4597-ELFTS,1,1394.3999999999999
1320-GVNHT,0,7804.8
1047-RNXZV,0,840.65
3541-ZNUHK,0,4680.5
8450-JOVAH,1,113.4
8725-JEDFD,0,1864.35
7562-UXTPG,0,911.95
8071-SBTRN,0,7780.5
1113-IUJYX,1,1483.3
6668-CNMFP,0,1697.6499999999999
5626-MGTUK,0,1782.0
5681-LLOEI,0,3923.75
8212-DJRCH,0,451.75
4323-OHFOW,0,7388.5
4933-BSAIP,0,764.0
2030-BTZRO,0,122.39999999999999
1116-DXXDF,0,3917.55
9274-CNFMO,1,299.8
7758-XKCBS,1,445.5
8992-JQYUN,1,50.35
6563-VNPMN,0,3856.5
0617-AQNWT,1,3062.4
2267-WTPYD,0,5358.0
0270-THENM,0,5029.2
2446-PLQVO,1,70.3
4707-MAXGU,0,1861.2
2710-WYVXG,0,213.29999999999998
3005-NFMTA,1,5434.0
6300-BWMJX,0,5507.65
8784-CGILN,1,1797.3
5389-FFVKB,1,2569.6
7009-LGECI,0,202.2
8444-WRIDW,1,5309.7
5022-KVDQT,0,2195.1
7976-CICYS,0,82.8
1036-GUDCL,0,4743.0
2005-DWQZJ,0,152.4
8148-WOCMK,0,156.8
7815-PDTHL,0,707.0
9451-LPGOO,1,607.6
9173-IVZVP,0,1107.6999999999998
9129-UXERG,0,1864.8
3635-JBPSG,0,582.0
7964-ZRKKG,0,5922.8
5868-YWPDW,1,505.20000000000005
6229-LSCKB,0,478.20000000000005
2025-JKFWI,1,1287.0
4078-SAYYN,1,1108.25
1724-IQWNM,0,19.3
8217-QYOHV,0,278.75
5546-QUERU,0,259.34999999999997
9940-HPQPG,1,825.75
6897-UUBNU,0,2599.8500000000004
6127-IYJOZ,0,45.85
6618-RYATB,1,79.55
8930-XOTDP,0,1007.1
5916-QEWPT,0,138.0
5060-TQUQN,0,2506.5
0531-XBKMM,0,4336.2
8465-SBRXP,0,3606.2000000000003
2408-PSJVE,0,2723.6
9079-YEXQJ,1,5999.4
9700-ZCLOT,0,40.0
8738-JOKAR,0,2843.4
4534-WGCIR,0,1458.6999999999998
1930-WNXSB,0,5385.299999999999
2685-SREOM,1,2227.5
3508-CFVZL,0,7902.3
0402-CQAJN,1,3770.3
6692-UDPJC,1,1283.1000000000001
1273-MTETI,1,355.4
0657-DOGUM,0,2908.8
5480-HPRRX,1,75.9
8792-AOROI,0,524.0
0295-PPHDO,1,95.45
5146-YYFRZ,0,1336.6499999999999
1195-OIYEJ,1,1184.3
5906-CVLHP,1,2436.75
3452-SRFEG,0,3655.3999999999996
4070-OKWVH,0,4919.2
5297-MDOIR,0,5112.450000000001
6369-MCAKO,0,6055.4
4926-UMJZD,0,1525.2
6848-HJTXY,0,1244.8
6341-AEVKX,0,6466.599999999999
4501-EQDRN,1,69.7
2990-HWIML,1,537.0
0682-USIXD,0,1807.05
6976-BWGLQ,0,1814.3999999999999
7078-NVFAM,0,1124.8
8065-QBYTO,0,7075.150000000001
2133-TSRRM,0,3581.8999999999996
7384-GHBPI,1,105.44999999999999
7603-USHJS,1,885.0
7234-FECYN,1,810.8
2511-ALLCS,0,850.5
3191-CSNMG,0,242.10000000000002
7952-OBOYL,0,269.54999999999995
7470-DYNOE,0,3238.3
7853-OETYL,0,116.2
1545-ACTAS,0,4785.6
5876-HZVZM,1,335.4
1400-MMYXY,1,317.70000000000005
5126-RCXYW,0,2484.0
3085-QUOZK,1,43.95
2363-BJLSL,0,4984.8
1956-YIFGE,0,2201.1
3926-CUQZX,1,45.1
7921-LMDFQ,0,4794.0
2925-MXLSX,0,2068.5
5820-PTRYM,0,3833.2000000000003
9609-BENEA,0,2415.0
6211-WHMYA,0,2806.4
4459-BBGHE,0,1335.0
9945-PSVIP,0,467.5
1041-RXHRA,1,2880.25
1750-CSKKM,1,498.15000000000003
9108-EJFJP,0,53.55
0530-IJVDB,0,8022.0
0508-SQWPL,0,1145.7
2215-ZAFGX,0,769.5
8213-TAZPM,0,7503.75
7142-HVGBG,1,4429.0
1304-SEGFY,0,7045.2
7242-EDTYC,0,860.2
2904-GGUAZ,0,6051.599999999999
8267-ZNYVZ,1,3423.75
5136-GFPMB,0,4827.6
2595-KIWPV,0,531.9
5243-SAOTC,0,4311.9
9398-MMQTO,0,223.35000000000002
7619-PLRLP,0,3927.2999999999997
6457-GIRWB,1,69.35
6508-NJYRO,0,282.0
1450-SKCVI,1,4135.599999999999
4710-NKCAW,0,322.0
5306-BVTKJ,0,2678.3999999999996
0357-NVCRI,0,501.25
5570-PTWEH,1,225.45000000000002
2371-KFUOG,0,5750.700000000001
0463-ZSDNT,0,567.5
6502-MJQAE,1,69.6
6257-DTAYD,0,7394.650000000001
4616-ULAOA,0,7202.0
7693-LCKZL,1,400.75
7746-AWNQW,0,1001.0
5996-EBTKM,0,4683.3
2758-RNWXS,0,3122.0
2314-TNDJQ,0,4006.7999999999997
2405-LBMUW,0,3092.7000000000003
3454-JFUBC,0,1360.0
0032-PGELS,1,30.5
9039-ZVJDC,0,57.300000000000004
6797-LNAQX,1,6881.0
9013-AQORL,0,2186.3999999999996
2898-MRKPI,0,6871.4
2750-BJLSB,0,4873.900000000001
3648-GZPHF,0,1160.0
2075-RMJIK,0,247.0
9588-YRFHY,0,975.0999999999999
6394-MFYNG,1,5155.200000000001
1564-NTYXF,1,1066.0
9364-YKUVW,0,297.0
5392-AKEMH,0,540.5999999999999
2451-YMUXS,0,4324.849999999999
3914-FDRHP,0,776.25
3078-ZKNTS,0,256.75
1024-KPRBB,0,3385.7999999999997
4690-PKDQG,0,4013.1
8155-IBNHG,1,1809.6000000000001
0886-QGENL,1,2733.75
9547-ITEFG,0,923.4
1264-FUHCX,0,2758.7
7789-CRUVC,0,5746.2
6598-KELSS,0,2152.5
8739-WWKDU,1,2237.5
8685-WHQPW,1,1636.8000000000002
4745-LSPLO,1,20.5
8083-YTZES,1,297.4
7240-FQLHE,1,1795.5
6664-FPDAC,1,6269.2
9972-VAFJJ,0,4982.0
0422-UXFAP,0,5041.349999999999
1904-WAJAA,0,1544.3999999999999
5130-YPIRV,0,4464.0
2843-CQMEG,0,1192.8000000000002
6439-PKTRR,0,5649.0
5351-QESIO,0,24.2
0786-VSSUD,1,624.0
5568-DMXZS,0,523.6
8468-FZTOE,0,5353.2
6633-SYEUS,0,1913.6000000000001
6447-GORXK,0,775.0
6967-PEJLL,0,1487.4
3976-BWUCK,1,2823.0
5981-ZVXOT,0,3792.25
1684-FLBGS,0,1598.5
1389-WNUIB,0,1520.0
0376-OIWME,0,3369.6
3585-ISXZP,1,765.2
0218-QNVAS,0,7139.05
6583-QGCSI,1,4402.5
0804-YGEQV,0,1051.35
7164-BPTUT,0,5104.349999999999
4174-LPGTI,1,2726.5
2523-EWWZL,0,2054.7
0928-XUTSN,0,1046.5
2108-XWMPY,1,106.35000000000001
0052-YNYOT,0,1376.8500000000001
6304-IJFSQ,1,149.7
9586-JGQKH,0,6745.6
4501-VCPFK,0,929.5
6075-SLNIL,0,3613.7999999999997
9347-AERRL,0,443.90000000000003
0093-XWZFY,1,4180.0
2274-XUATA,0,4543.2
1980-KXVPM,1,225.14999999999998
7703-ZEKEF,1,1863.0
0723-DRCLG,1,74.45
5482-NUPNA,1,241.6
6691-CCIHA,0,5266.900000000001
1685-BQULA,0,3736.0
9053-EJUNL,0,3657.2000000000003
0666-UXTJO,0,2896.8
1471-GIQKQ,0,49.95
4807-IZYOZ,0,1053.1499999999999
1122-JWTJW,1,70.65
9710-NJERN,0,785.8499999999999
9837-FWLCH,0,230.39999999999998
1699-HPSBG,1,717.5999999999999
7203-OYKCT,0,7556.400000000001
1035-IPQPU,0,6520.5
7398-LXGYX,0,3731.2
2823-LKABH,0,1710.8999999999999
8775-CEBBJ,1,397.8
0550-DCXLH,0,953.55
9281-CEDRU,0,4358.799999999999
2235-DWLJU,0,266.4
0871-OPBXW,0,40.1
3605-JISKB,0,3300.0
6894-LFHLY,1,75.75
9767-FFLEM,0,2641.0
0639-TSIQW,1,6897.650000000001
8456-QDAVC,0,1495.3
7750-EYXWZ,0,727.8
2569-WGERO,0,1522.8
6840-RESVB,0,2035.1999999999998
2234-XADUH,0,7430.400000000001
4801-JZAZL,0,325.6
8361-LTMKD,1,297.6
3186-AJIEK,0,6972.900000000001
